PLAYER;TEAM;AGE;HEIGHT;MINUTES;PAINT_FGM;PAINT_FGA;PAINT_FG%;MR_FGM;MR_FGA;MR_FG%;3_FGM;3_FGA;3_FG%;FTM;FTA;FT%;PPG;OREB;DREB;AST;TOV;STL;BLK;DRIVES;POSTUPS;CATCH_SHOOT;USG%;PIE
Aaron Gordon;ORL;24;6'8;32.5;3.7;6.3;0.587;0.5;2.2;25;1.2;3.7;31.8;0.6;0.9;66.1;14.4;1.7;5.9;3.7;1.6;0.8;0.6;4.8;3.2;2.6;20.5;10.4
Aaron Holiday;IND;23;6'0;24.5;1.8;3.8;0.474;0.5;1.4;34;1.4;3.5;41.575;0.4;0.5;87.5;9.5;0.3;2;3.4;1.3;0.8;0.2;7.6;0;2;18.2;7.8
Abdel Nader;OKC;26;6'5;15.8;1.3;2.2;0.591;0.1;0.3;37.5;0.9;2.5;39.675;0.4;0.5;80.8;6.3;0.3;1.6;0.7;0.8;0.4;0.4;3;0;2.2;16.4;7.2
Adam Mokoka;CHI;21;6'5;10.2;0.5;1.1;0.455;0;0.1;0;0.7;1.7;40.2;0;0;0;2.9;0.6;0.3;0.4;0.2;0.4;0;1.1;0;1.4;11;2.3
Admiral Schofield;WAS;23;6'5;11.2;0.4;0.8;0.5;0.1;0.2;66.7;0.8;2.4;34.45;0;0.1;50;3;0.2;1.2;0.5;0.2;0.2;0.1;0.4;0.2;1.7;11.8;3.5
Al Horford;PHI;34;6'9;30.2;2.2;4.1;0.537;1;2.3;44.6;1.5;4.3;31.6;0.1;0.1;70;11.9;1.5;5.3;4;1.2;0.8;0.9;1.4;4.3;4;17.3;11.2
Al-Farouq Aminu;ORL;29;6'8;21.1;0.8;2.5;0.32;0.1;0.3;33.3;0.5;1.9;28.225;0.1;0.1;50;4.3;1.3;3.5;1.2;0.9;1;0.4;2.3;1;1.8;12.7;6.3
Alec Burks;PHI;28;6'6;26.6;2.2;4.9;0.449;0.9;2.2;41.3;1.8;4.6;41.75;1.6;1.8;89.9;15;0.7;3.5;2.9;1.4;0.9;0.3;6.6;0.4;2;23;11.9
Alen Smailagic;GSW;19;6'10;9.9;1.1;1.6;0.688;0.1;0.3;25;0.2;1.1;25;0.4;0.4;83.3;4.2;0.7;1.2;0.9;0.8;0.2;0.3;1.6;1.3;0.9;17.5;8.9
Alex Caruso;LAL;26;6'5;18.4;1.1;2.2;0.5;0.1;0.5;22.6;0.6;2;32.8;0.4;0.5;75;5.5;0.3;1.7;1.9;0.8;1.1;0.3;3.2;0;1.4;13.6;7.2
Alex Len;SAC;27;7'0;17.6;2.9;4.6;0.63;0;0.1;14.3;0.3;1.2;30.55;0;0;50;8;1.8;4;0.9;1;0.4;0.9;0.4;0.8;1;17.6;11.8
Alfonzo McKinnie;CLE;27;6'7;14.8;1.4;2.3;0.609;0.1;0.4;31.3;0.5;1.8;21.975;0.1;0.1;50;4.6;0.9;1.9;0.4;0.7;0.6;0.2;1.5;0.1;1.5;14.7;4.7
Alize Johnson;IND;24;6'7;6.9;0.6;1.2;0.5;0;0.1;0;0.3;0.8;33.325;0.1;0.1;50;2;0.9;1.9;0.4;0.4;0.2;0.1;0.9;0.1;0.5;13.3;9.8
Allen Crabbe;MIN;28;6'5;17.6;0.5;1;0.5;0.2;0.6;40.9;1;3.3;33.8;0.1;0.1;100;4.6;0.3;1.8;0.9;0.5;0.4;0.1;1.6;0;2.9;12.2;4.3
Allonzo Trier;NYK;24;6'4;12.1;0.7;1.3;0.538;0.6;0.9;68.2;0.9;2.4;36.15;0.2;0.3;66.7;6.5;0.3;1;1.2;0.9;0.1;0.2;3.1;0;1.1;20.8;9.2
Amile Jefferson;ORL;27;6'9;4.1;0.4;1;0.4;0;0.1;0;0;0;0;0.1;0.2;25;0.8;0.6;0.7;0.2;0.2;0.1;0.2;0.2;0.2;0;12.9;5.1
Amir Coffey;LAC;23;6'7;8.8;1;1.8;0.556;0.2;0.5;37.5;0.5;1.4;37.525;0.1;0.1;50;3.2;0.2;0.7;0.8;0.4;0.3;0.1;1.8;0;0.8;17.4;4.7
Andre Drummond;CLE;26;6'10;33;7.1;12.8;0.555;0.1;0.3;27.8;0;0.6;20.4;0.3;0.6;53.1;17.7;4.4;10.8;2.7;3.6;1.9;1.6;3.5;4.7;0.5;25.3;15.3
Andre Iguodala;MIA;36;6'6;19.9;0.9;1.4;0.643;0.2;0.6;41.7;0.6;2.2;28.15;0;0;0;4.6;0.8;2.9;2.4;1.2;0.7;1;1.1;0.7;1.9;12.1;7.4
Andre Roberson;OKC;28;6'7;12.4;0.7;2.1;0.333;0;0;0;0.4;2.1;16.65;0;0;0;2.9;1;2.9;0.6;0.3;0.1;0.4;0.9;0.1;1.6;14.5;5.3
Andrew Wiggins;GSW;25;6'7;34.4;5.2;9.4;0.553;0.9;2.5;33.8;2.1;6.2;31.775;1.7;2.2;78.8;21.8;1.2;3.9;3.7;2.4;0.8;1;14.1;1;3.6;26.9;10.4
Anfernee Simons;POR;21;6'3;20.7;1.3;2.9;0.448;0.6;1.5;42.1;1.2;3.3;33.05;0.6;0.7;84;8.3;0.4;1.8;1.4;0.9;0.4;0.1;3.7;0;2;18;5.5
Ante Zizic;CLE;23;6'10;10;1.7;3;0.567;0.2;0.3;57.1;0;0;0;0;0;0;4.4;0.8;2.2;0.3;0.5;0.3;0.2;0;1.2;0;16.8;10.1
Anthony Davis;LAL;27;6'10;34.4;6.3;10.1;0.624;1.4;4.1;34.9;1.2;3.5;35.475;1.1;1.3;88.5;26.1;2.3;7;3.2;2.5;1.5;2.3;3.6;8.8;3.1;28.4;17.9
Anthony Tolliver;MEM;35;6'8;15.9;0.3;0.5;0.6;0.1;0.1;57.1;1;2.7;37.6;0.1;0.1;66.7;3.6;0.6;2.2;0.8;0.6;0.3;0.2;0.4;0.1;2.5;10.8;4.9
Antonius Cleveland;DAL;26;6'5;4.2;0.4;1;0.4;0;0.1;0;0;0.4;0;0.1;0.2;50;1;0.2;0.5;0.1;0.2;0.1;0.3;0.7;0;0.3;15.9;-0.8
Anzejs Pasecniks;WAS;24;7'2;16.2;2.4;3.9;0.615;0;0.5;8.3;0;0.1;0;0.1;0.1;100;5.8;1.6;2.4;0.7;0.9;0.3;0.4;0.2;0.4;0.1;15.1;5.7
Aron Baynes;PHX;33;6'10;22.2;2.9;4.7;0.617;0.1;0.4;29.4;1.4;4;31.35;0.1;0.1;75;11.5;1.7;4;1.6;1.2;0.2;0.5;0.5;1.2;3.9;20.5;9.4
Austin Rivers;HOU;27;6'3;23.4;1.6;3.2;0.5;0;0.1;37.5;1.4;4;38.525;0.6;0.8;76.8;8.8;0.4;2.2;1.7;0.7;0.7;0.1;5.3;0;2.4;15.3;6.3
Avery Bradley;LAL;29;6'3;24.2;1.3;2.3;0.565;0.9;2;44;1.3;3.5;35.975;0.1;0.1;66.7;8.6;0.4;2;1.3;1;0.9;0.1;1.8;0;3.1;15.3;5.5
BJ Johnson;ORL;24;6'7;8.3;0.4;1.2;0.333;0.2;1.2;16.7;0.4;1.4;41.65;0.2;0.2;100;3;0.3;1.2;0.3;0.6;0.3;0;0.8;0;0.8;20.1;5.7
Bam Adebayo;MIA;22;6'9;33.6;5.8;9.4;0.617;0.3;1.3;22.3;0;0.3;16.25;0.6;1;67.6;15.9;2.4;7.8;5.1;2.8;1.1;1.3;4.4;3.2;0.1;21.2;14.7
Ben McLemore;HOU;27;6'3;22.8;0.8;1.3;0.615;0;0;100;2.5;6.4;41.5;0.1;0.2;58.3;10.1;0.3;1.9;0.8;0.7;0.6;0.2;1.1;0;5.5;15.7;6.6
Ben Simmons;PHI;23;6'10;35.4;6.5;11;0.591;0.1;0.3;25;0;0;37.5;0.9;1.5;59.3;16.4;2;5.8;8;3.5;2.1;0.6;11.9;3.6;0.1;20.6;14.2
Bismack Biyombo;CHA;27;6'8;19.4;2.8;5;0.56;0;0.2;18.2;0;0;0;0;0;0;7.4;2.3;3.5;0.9;0.9;0.2;0.9;0;0.6;0;16.8;9.7
Blake Griffin;DET;31;6'9;28.5;3.2;6.9;0.464;0.2;0.8;20;1.6;6.2;20.7;1.4;1.9;75;15.5;0.9;3.7;3.3;2.2;0.4;0.4;6.2;4.1;2.1;27.7;8.4
Boban Marjanovic;DAL;31;7'4;9.6;2.6;4.1;0.634;0.2;0.7;35.7;0.1;0.4;34.4;0;0;0;6.6;1.5;3;0.5;0.7;0.2;0.2;0;2.2;0.3;25.8;15.9
Bobby Portis;NYK;25;6'10;21.1;2.3;4.1;0.561;0.8;2;38.6;1.1;2.9;36.3;0.2;0.3;77.8;10.1;1.2;3.9;1.5;1.1;0.5;0.3;1.7;3;2.7;20.7;10.8
Bogdan Bogdanovic;SAC;27;6'6;28.9;2.1;3.7;0.568;0.8;1.7;49.5;2.8;7.2;36.65;0.4;0.5;70;15.1;0.4;3;3.4;1.7;1;0.2;6.7;0.3;5;22.1;10.2
Bojan Bogdanovic;UTA;31;6'8;33.1;3.3;6.5;0.508;0.3;1.1;27.9;3;7.2;42.8;1;1.1;87.5;20.2;0.6;3.5;2.1;2.5;0.5;0.1;9.1;1;5;25.2;10.5
Bol Bol;DEN;20;7'2;12.4;1.7;2.3;0.739;0;0.9;0;0.7;1.4;33.35;0.3;0.3;100;5.7;0.7;2;0.9;1.4;0.3;0.9;0.9;0.4;1.1;20.6;8.2
Brad Wanamaker;BOS;30;6'3;19.3;1.5;2.9;0.517;0.3;0.7;37.7;0.5;1.4;50.55;0.8;0.9;92.2;6.9;0.3;1.7;2.5;1.1;0.9;0.2;3.9;0;0.8;15.2;8.6
Bradley Beal;WAS;27;6'3;36;5.4;9.7;0.557;2;4.8;41.3;2.9;8.5;32.625;3.2;3.7;86.2;30.5;0.9;3.3;6.1;3.4;1.2;0.4;16.1;0.5;4.4;33.8;14.3
Brandon Clarke;MEM;23;6'8;22.4;4.5;6.6;0.682;0.2;0.6;32.4;0.4;1.1;36.15;0.2;0.2;100;12.1;1.6;4.4;1.4;0.9;0.6;0.8;1.5;0.5;1.1;18;13.9
Brandon Goodwin;ATL;24;6'0;12.7;1.3;2.5;0.52;0.2;0.6;38.9;0.8;2.7;24.8;0.1;0.1;100;6.1;0.3;1.8;1.5;0.9;0.4;0.1;4.4;0;1.7;22;9.4
Brandon Ingram;NOP;22;6'7;33.9;4.1;7.6;0.539;1.7;3.9;43.2;2.4;6.2;40.375;1.9;2.3;84.2;23.8;0.8;5.3;4.2;3;1;0.6;12.7;1.2;4.8;27.5;13
Brandon Knight;DET;28;6'2;18.5;0.5;1.2;0.417;0.1;0.2;33.3;1.8;5.3;33.9;0.1;0.2;60;7.3;0.2;1.5;2.8;1.5;0.4;0.1;4.8;0;2.4;20.7;5.2
Brian Bowen II;IND;21;6'6;5.2;0.5;1;0.5;0;0.4;0;0;0.7;0;0;0;0;1;0.2;1;0;0.2;0;0.2;0.2;0.2;0.3;14.3;1.8
Brook Lopez;MIL;32;7'0;26.7;2.5;4.5;0.556;0.4;0.7;53.3;1.5;4.7;31.475;0.4;0.4;83.3;12;0.9;3.7;1.5;1;0.7;2.4;1.3;2.8;4.5;18.1;8.8
Bruce Brown;DET;23;6'4;28.2;2.8;5.8;0.483;0.1;0.2;30.8;0.6;1.7;31.875;0.7;0.9;82;8.9;1.1;3.7;4;1.7;1.1;0.5;8.5;0.1;1.5;15.9;8.3
Bruno Caboclo;HOU;24;6'9;8.1;1;1.7;0.588;0.1;0.2;50;0.3;1.4;16.125;0.1;0.1;100;3;0.8;1.2;0.4;0.4;0.5;0.6;0.6;0.2;1;17;8.1
Bruno Fernando;ATL;21;6'9;12.7;1.7;2.8;0.607;0.1;0.1;42.9;0.1;0.7;11.6;0;0;100;4.3;1.2;2.3;0.9;0.8;0.3;0.3;0.4;0.5;0.6;14.7;7.9
Bryn Forbes;SAS;26;6'2;25.1;0.8;1.6;0.5;0.7;1.6;43.9;2.4;6;39.1;0.2;0.3;77.8;11.2;0.2;1.8;1.7;0.9;0.5;0;2.8;0;4.5;18.5;6.4
Buddy Hield;SAC;27;6'4;30.8;2;3.8;0.526;1.1;2.9;39.8;3.7;9.7;42.35;0.3;0.3;91.7;19.2;0.8;3.8;3;2.3;0.9;0.2;5.3;0;5;26.3;10.4
CJ McCollum;POR;28;6'3;36.5;3.8;7.6;0.5;2.2;4.4;48.9;2.7;7.4;44.85;0.9;1.1;78.2;22.2;0.7;3.6;4.4;1.8;0.8;0.6;10.6;0;3.4;25.7;10.3
CJ Miles;WAS;33;6'6;16.1;0.7;1.9;0.368;0.1;0.5;20;1.2;3.7;26.05;0.5;0.8;62.5;6.4;0.4;0.8;1.2;0.4;1;0.4;1.6;0;2.9;16.9;4.8
Caleb Martin;CHA;24;6'5;17.6;0.9;2.1;0.429;0.1;0.5;22.2;1.2;2.2;54.15;0.6;0.7;83.3;6.2;0.6;1.6;1.3;0.8;0.7;0.4;2.6;0.2;1.7;15.2;7.7
Caleb Swanigan;POR;23;6'9;10.7;1;1.7;0.588;0;0.2;25;0;0.1;0;0;0;0;2.4;1;2.7;1.1;1.4;0.1;0.3;0.1;0.6;0.1;13.2;5.4
Cam Reddish;ATL;20;6'8;26.7;1.8;3.9;0.462;0.5;1.3;35.5;1.4;4.4;32.9;0.7;0.9;82;10.5;0.6;3.1;1.5;1.7;1.1;0.5;5;0;3.4;18.5;5.9
Cameron Johnson;PHX;24;6'8;22;0.9;1.7;0.529;0.2;0.6;38.9;1.9;4.9;39.3;0.1;0.1;66.7;8.8;0.9;2.4;1.2;0.6;0.6;0.4;1.3;0;4.5;15.1;8.2
Cameron Payne;PHX;25;6'1;22.9;1.8;3.5;0.514;0.5;1.5;33.3;1.9;3.6;40.75;0.3;0.3;100;10.9;0.5;3.4;3;1.4;1;0.3;5.3;0;3;18.2;10.9
Caris LeVert;BKN;25;6'6;29.6;4.7;9.8;0.48;0.5;1.6;31.5;1.8;4.9;42.925;1.5;2.1;70.2;18.7;1.1;3.1;4.4;2.6;1.2;0.2;15;0.6;1.7;28.4;11.1
Carmelo Anthony;POR;36;6'8;32.8;2.3;4.6;0.5;2;5;39.9;1.5;3.9;41.8;0.2;0.2;92.9;15.4;1.2;5.1;1.5;1.7;0.8;0.5;1.7;5.6;3.3;21.4;7.8
Carsen Edwards;BOS;22;5'11;9.5;0.2;0.9;0.222;0.3;0.6;50;0.6;2.4;23.4;0.1;0.2;66.7;3.3;0.2;1.1;0.6;0.4;0.3;0.1;1.3;0;1.1;17.1;5.2
Cedi Osman;CLE;25;6'7;29.4;2;3.8;0.526;0.2;0.6;35;1.9;4.8;39.925;0.2;0.4;66.7;11;0.6;3;2.4;1.4;0.8;0.2;5.3;0.2;3.8;16.2;6.5
Chandler Hutchison;CHI;24;6'7;18.8;2.4;4.7;0.511;0;0.3;14.3;0.4;1.4;31.4;0.8;1.5;56.1;7.8;0.6;3.2;0.9;1;1;0.3;5.6;0;1.3;18.3;8.6
Chandler Parsons;ATL;31;6'9;10.8;0.2;0.6;0.333;0;0.3;0;0.9;2.9;25;0;0;0;2.8;0.2;1.2;0.6;0.6;0.8;0.2;1;0;2.6;15;3.8
Charles Brown Jr.;ATL;23;6'6;4;0.3;1.2;0.25;0;0;0;0.3;1.3;21.45;0.2;0.2;100;2;0.2;0.2;0.2;0.3;0.2;0.2;0.8;0;0.8;23.1;7.8
Chasson Randle;GSW;27;6'2;13.5;0;0;0;0;0.7;0;0;0.7;0;0.7;0.7;100;1.7;0;0.7;1.7;0;0.7;0;1;0;0.7;8;3.4
Cheick Diallo;PHX;23;6'8;10.2;1.8;2.7;0.667;0.2;0.4;44.4;0;0.1;12.5;0.1;0.2;75;4.7;0.6;2.1;0.5;0.7;0.2;0.3;0.4;0.7;0;16.9;12.3
Chimezie Metu;SAS;23;6'9;5.8;1;1.5;0.667;0.4;0.8;46.2;0;0.1;0;0.2;0.2;100;3.2;0.7;1.2;0.6;0.6;0.2;0.3;0.3;0.4;0.1;21.8;15.7
Chris Boucher;TOR;27;6'9;13.2;1.6;2.9;0.552;0.1;0.2;40;0.6;1.9;27.4;0;0;100;6.6;1.7;2.7;0.4;0.5;0.4;1;0.5;0.3;1.8;18.5;12.8
Chris Chiozza;BKN;24;5'11;14.3;1;2.1;0.476;0.1;0.4;18.2;1;2.6;52.45;0.1;0.1;100;5.1;0.3;1.6;3;1.1;0.8;0.1;5.2;0;1.5;17.5;9.5
Chris Clemons;HOU;22;5'9;8.8;0.6;0.9;0.667;0.1;0.2;60;1.1;3.3;29.65;0.2;0.2;100;4.9;0.1;0.8;0.8;0.6;0.3;0.2;1.3;0;1.4;23.5;8.5
Chris Paul;OKC;35;6'1;31.5;2.3;4.2;0.548;2.2;4.2;54;1.5;4.2;33.725;0.4;0.5;93.9;17.6;0.4;4.6;6.7;2.3;1.6;0.2;12.8;0.5;0.7;22.8;15.3
Chris Silva;MIA;23;6'8;7.9;1.1;1.7;0.647;0.1;0.1;60;0;0.1;0;0.1;0.1;75;3;1.4;1.5;0.5;0.7;0.2;0.5;0.1;0.3;0;15.5;8.4
Christian Wood;DET;24;6'10;21.4;3.5;5.4;0.648;0.2;0.5;43.8;0.9;2.3;37.375;0.4;0.6;69.2;13.1;1.7;4.6;1;1.4;0.5;0.9;2.3;1.1;1.8;22.3;15.3
Clint Capela;ATL;26;6'10;32.8;6.2;9.8;0.633;0;0.1;25;0;0;0;0;0;0;13.9;4.3;9.5;1.2;1.6;0.8;1.8;0.2;0.6;0;15.6;14.3
Coby White;CHI;20;6'4;25.8;2.1;4.7;0.447;0.6;1.7;33.6;2;5.7;37.3;0.7;0.9;75.4;13.2;0.4;3.1;2.7;1.7;0.8;0.1;7;0;3.7;23.5;8.7
Cody Martin;CHA;24;6'5;18.8;1.4;2.4;0.583;0.1;0.4;25;0.5;1.8;22.5;0.4;0.5;70.8;5;0.8;2.5;2;0.9;0.8;0.2;3.6;0.1;1.3;13.1;7.6
Cody Zeller;CHA;27;7'0;23.1;4;6.9;0.58;0.1;0.1;60;0.3;1.3;44.575;0.5;0.7;69;11.1;2.8;4.3;1.5;1.3;0.7;0.4;2.9;0.9;1.2;20.1;11.4
Collin Sexton;CLE;21;6'1;33;5.4;10.3;0.524;1;2.5;40.7;1.4;3.8;44.525;1.6;1.8;92.2;20.8;0.9;2.2;3;2.4;1;0.1;13.9;0.1;2.2;26.4;9.5
Corey Brewer;SAC;34;6'9;6.5;0.4;0.6;0.667;0;0;0;0;0.5;0;0;0;0;1;0.4;1.2;0.4;0.4;0.8;0;0.6;0;0.2;8.5;3.3
Cory Joseph;SAC;28;6'3;24.4;1.2;2.3;0.522;0.4;1.2;37.2;0.8;2.2;37.85;0.2;0.2;82.4;6.4;0.6;2;3.5;1.1;0.7;0.3;5.3;0.1;1.7;12.7;7
Courtney Lee;DAL;34;6'5;14.4;0.7;0.9;0.778;0.2;0.5;33.3;0.9;2.1;44.075;0.1;0.2;75;4.5;0.3;1;0.5;0.5;0.8;0.3;1.3;0;1.4;11.6;5.2
Cristiano Felicio;CHI;27;6'10;17.5;1.6;2.4;0.667;0;0.1;0;0;0.1;0;0;0.1;50;3.9;2.5;2.1;0.7;0.8;0.5;0.1;0.2;0.1;0.1;8.8;6.7
D'Angelo Russell;MIN;24;6'4;32.3;2.6;5.3;0.491;1.9;3.9;48.6;3.5;9.6;38.35;1.4;1.8;76.8;23.1;0.4;3.6;6.3;3.3;1.1;0.3;9;0.3;3.8;30.5;12.5
D.J. Augustin;ORL;32;5'11;24.9;1.5;3.3;0.455;0.5;1.2;36.6;1.3;3.4;33.7;0.7;0.8;90.9;10.5;0.4;1.8;4.6;1.5;0.6;0;9.3;0;1.6;18.4;10.2
D.J. Wilson;MIL;24;6'10;9.8;0.7;1.2;0.583;0.2;0.4;46.7;0.7;2.2;35.35;0;0.1;50;3.6;0.3;2.2;0.7;0.5;0.1;0.1;0.6;0.2;1.6;17.5;7.6
DaQuan Jeffries;SAC;22;6'5;10.9;1.1;1.6;0.688;0.1;0.3;33.3;0.6;1.9;23.325;0.1;0.2;50;3.8;0.2;1.2;0.5;0.2;0.3;0.1;0.8;0;1.4;12.9;5.6
Damian Jones;ATL;25;6'11;16.1;2.2;3;0.733;0;0.1;25;0;0.1;10;0;0;0;5.6;1.3;2.4;0.6;0.5;0.5;0.7;0.2;0.1;0.2;11.3;8
Damian Lillard;POR;29;6'2;37.5;4.4;8;0.55;1;2.2;44.5;4.1;10.3;41.825;2.3;2.6;86.6;30;0.5;3.8;8;2.9;1.1;0.3;15.2;0.1;2.2;29.4;16.8
Damion Lee;GSW;27;6'5;29;1.9;3.8;0.5;0.7;1.8;40.7;1.7;4.9;36.2;0.7;0.7;88.9;12.7;0.7;4.2;2.7;1.4;1;0.1;5.5;0.1;4.1;18.4;8.9
Damyean Dotson;NYK;26;6'5;17.4;0.6;1.2;0.5;0.6;1.4;44.8;1.3;3.5;33.7;0.2;0.2;100;6.7;0.2;1.7;1.2;0.4;0.5;0.1;1.9;0;2.3;15.8;7.9
Daniel Gafford;CHI;21;6'10;14.2;2.2;3.2;0.688;0;0;0;0;0;0;0;0;0;5.1;1.2;1.3;0.5;0.7;0.3;1.3;0.2;0.3;0;13.1;7.6
Daniel Theis;BOS;28;6'8;24.1;3;4.6;0.652;0.3;0.5;50;0.5;1.5;36.05;0;0.1;25;9.2;2.2;4.4;1.7;0.8;0.6;1.3;0.4;0.2;1.4;14.4;10.8
Danilo Gallinari;OKC;31;6'10;29.6;1.8;3.5;0.514;1.2;2.7;43.4;2.9;7.1;39.025;1.1;1.3;89.7;18.7;0.5;4.6;1.9;1.2;0.7;0.1;3.8;3.2;5.5;24.2;13
Danny Green;LAL;33;6'6;24.8;1;1.6;0.625;0.2;0.6;32.5;1.8;4.8;37.3;0.2;0.2;78.6;8;0.8;2.6;1.3;0.9;1.3;0.5;1.6;0;4;13.5;6.5
Dante Exum;CLE;24;6'5;13.9;1.1;2.1;0.524;0.1;0.1;100;0.4;1.3;31.95;0.6;0.7;76.9;4.5;0.3;1.6;1.1;0.9;0.4;0.2;3.7;0;0.9;14.5;7.5
Danuel House Jr.;HOU;27;6'6;30.4;1.5;2.7;0.556;0.1;0.3;31.3;2;5.6;36.575;0.2;0.3;72.2;10.5;0.9;3.3;1.3;0.9;1.1;0.5;2.8;0;4.7;13.5;7
Dario Saric;PHX;26;6'10;24.7;2.3;3.8;0.605;0.4;0.8;47.1;1.3;3.6;30.65;0.2;0.2;75;10.7;1.5;4.6;1.9;1.3;0.6;0.2;2;1.5;3.4;17.4;9.9
Darius Bazley;OKC;20;6'8;18.5;1.1;2.5;0.44;0.1;0.4;31.8;0.8;2.4;35.85;0.3;0.5;65.5;5.6;0.5;3.5;0.7;0.7;0.4;0.7;2.8;0;2;14.6;8.7
Darius Garland;CLE;20;6'1;30.9;2;4.6;0.435;1;2.3;42.6;1.8;5;37.75;0.5;0.6;85.3;12.3;0.5;1.4;3.9;2.6;0.7;0.1;11;0.1;2.6;20.1;5.7
Daryl Macon;MIA;24;6'2;3.5;0;0;0;0;0.5;0;0.5;0.8;25;0;0;0;0.8;0;0;0.3;0.5;0;0;0.3;0;0.5;16.7;-2.8
David Nwaba;HOU;27;6'5;13.4;1.3;2.1;0.619;0;0.1;0;0.7;1.5;44.375;0.1;0.1;50;5.2;0.4;1.9;0.4;0.4;0.6;0.6;1.3;0.1;1.4;13.9;9.8
Davis Bertans;WAS;27;6'10;29.3;1;1.9;0.526;0.2;0.7;36.1;3.7;8.8;48.3;0;0;0;15.4;0.6;3.9;1.7;1.1;0.7;0.6;1.9;0.1;7.4;18.3;9.4
De'Aaron Fox;SAC;22;6'3;32;5.8;10.5;0.552;0.8;1.8;44.1;1.1;3.6;25.9;2.7;3.7;72;21.1;0.7;3.2;6.8;3.1;1.5;0.5;18.3;0.1;1.5;29;12.4
De'Andre Hunter;ATL;22;6'7;32;2;4.4;0.455;0.7;1.6;44.7;1.7;4.9;35.675;0.8;1.1;75.7;12.3;0.7;3.8;1.8;1.6;0.7;0.3;6.2;0.3;4.1;17.3;5.8
De'Anthony Melton;MEM;22;6'2;19.5;1.7;3.3;0.515;0.3;1;28.3;0.7;2.4;32.95;0.4;0.5;76.7;7.6;0.7;3;2.9;1.4;1.3;0.3;4.6;0.1;1.6;18.5;9.3
DeAndre Jordan;BKN;31;6'11;22;3.4;5.1;0.667;0;0.1;33.3;0;0;0;0;0;0;8.3;2.5;7.5;1.9;1.3;0.3;0.9;0.1;0.3;0;13.6;16.8
DeAndre' Bembry;ATL;25;6'5;21.3;2;3.7;0.541;0;0.1;16.7;0.4;1.5;23.875;0.2;0.3;58.3;5.8;0.8;2.7;1.9;1.4;1.3;0.4;4.5;0;1.3;13.7;6.9
DeMar DeRozan;SAS;30;6'6;34.1;5.6;9.5;0.589;2.5;5.4;45.9;0.2;0.4;21.95;2.9;3.3;86.5;22.1;0.6;4.9;5.6;2.4;1;0.3;19.8;1.6;0.4;26.2;14
DeMarre Carroll;HOU;33;6'6;12.1;0.7;1.3;0.538;0;0.1;33.3;0.5;1.6;29.75;0.6;0.9;63.6;3.6;0.5;1.8;1;0.7;0.3;0.2;1.8;0;1.1;14.8;5.9
Dean Wade;CLE;23;6'9;6;0.6;0.8;0.75;0;0;0;0.2;0.4;37.5;0;0;0;1.7;0.3;1.3;0.2;0.3;0.2;0.3;0.2;0;0.3;9.1;8.9
Deandre Ayton;PHX;21;6'11;32.5;6.7;11;0.609;1.3;3.7;36.7;0.1;0.3;34.1;0.1;0.2;83.3;18.2;3.9;7.6;1.9;2.1;0.7;1.5;0.5;6.2;0.3;23.1;13.7
Dejounte Murray;SAS;23;6'4;25.6;2.5;5.1;0.49;1.3;2.9;46.3;0.6;1.6;37.725;0.6;0.7;75;10.9;1;4.8;4.1;1.9;1.7;0.3;8.7;0.1;1.4;20.7;11.1
Delon Wright;DAL;28;6'5;21.5;1.9;3.7;0.514;0.1;0.2;31.3;0.7;1.7;43.625;0.4;0.6;69.6;6.9;1;2.9;3.3;1;1.2;0.3;7;0;1.2;14;10.6
Dennis Schroder;OKC;26;6'1;30.8;3.2;6.1;0.525;1.8;3.7;48.1;1.9;5;44.2;1.2;1.5;83.3;18.9;0.3;3.3;4;2.6;0.7;0.2;11.7;0;3.6;26.2;12.2
Dennis Smith Jr.;NYK;22;6'2;15.8;1.4;3.1;0.452;0.3;1.5;18;0.5;1.6;31.95;0.4;0.8;48.1;5.5;0.6;1.7;2.9;1.7;0.8;0.2;6.8;0.1;0.5;22.3;4.9
Denzel Valentine;CHI;26;6'4;13.6;1.1;2;0.55;0.4;0.9;51.7;1.3;3.9;38.375;0.1;0.1;75;6.8;0.3;1.8;1.2;0.7;0.7;0.2;2.7;0;2.3;22.9;9.4
Deonte Burton;OKC;26;6'4;9.1;0.8;1.7;0.471;0.1;0.3;20;0.2;1.5;18.875;0.1;0.1;50;2.7;0.2;1.3;0.4;0.5;0.2;0.3;1.7;0;1.2;17.3;3.5
Derrick Favors;NOP;28;6'9;24.4;3.9;5.9;0.661;0.2;0.5;35.7;0;0.1;6.25;0;0;0;9;3.2;6.6;1.6;1.1;0.6;0.9;0.2;1;0.1;13.5;12.9
Derrick Jones Jr.;MIA;23;6'6;23.3;2.5;3.6;0.694;0;0.1;28.6;0.6;2.2;30.175;0.2;0.2;64.3;8.5;1.1;2.8;1.1;0.5;1;0.6;1.3;0;2;13.5;8.7
Derrick Rose;DET;31;6'2;26;5.2;9.2;0.565;1.3;2.9;44.9;0.9;2.9;37.15;1.1;1.3;85.5;18.1;0.5;1.9;5.6;2.5;0.8;0.3;17.6;0;0.9;30.3;14
Derrick Walton Jr.;DET;25;6'0;9.6;0.1;0.1;1;0.2;0.5;45.5;0.5;1.1;38.325;0;0;0;2;0.1;0.5;1;0.2;0.3;0;0.6;0;0.9;7.9;5.8
Derrick White;SAS;25;6'4;24.7;2.2;4;0.55;0.3;0.9;34.4;1.2;3.1;38.825;1.1;1.2;91;11.3;0.5;2.8;3.5;1.3;0.6;0.9;7.9;0;2.1;18.3;10.2
Devin Booker;PHX;23;6'5;35.9;4.8;7.9;0.608;2.2;4.7;46.1;2.1;5.6;35.8;1.7;1.9;90;26.6;0.4;3.8;6.5;3.8;0.7;0.3;14.3;1.8;2.3;29.4;13.8
Devon Hall;OKC;24;6'5;7.3;0.2;1.4;0.143;0;0.1;0;0.4;1.7;14.3;0.1;0.2;50;1.8;0.2;0.5;1.2;0.5;0.4;0.1;1.9;0;0.9;18.2;1.5
Devontae Cacok;LAL;23;6'8;8.9;3;6;0.5;0;0;0;0;0;0;0;0;0;6;2;3;1;0;0;0;0;1;0;22.2;14.7
Devonte' Graham;CHA;25;6'1;35.1;1.8;4.3;0.419;0.6;1.7;35.2;3.5;9.3;39.675;1.2;1.4;85.7;18.2;0.7;2.7;7.5;2.9;1;0.2;10.6;0;3.3;24.3;10.9
Dewan Hernandez;TOR;23;6'10;4.7;0.7;2;0.35;0;0;0;0.2;0.4;25;0;0;0;2.3;0.8;1.5;0.5;0.5;0.2;0;0.7;0.2;0.3;25.7;7.3
Dewayne Dedmon;ATL;30;7'0;17.6;1.7;2.9;0.586;0.2;0.4;42.1;0.5;2.5;19.225;0;0;0;5.8;1.4;4.3;0.5;1.3;0.6;0.9;0.2;0.6;2.3;17.9;6.5
Dillon Brooks;MEM;24;6'7;28.9;2.8;6.1;0.459;1.2;2.9;40.5;2;5.6;35.3;0.8;1;84.3;16.2;0.9;2.4;2.1;1.7;0.9;0.4;7;0.2;3.9;24.7;6.2
Dion Waiters;LAL;28;6'3;20.7;2;3.7;0.541;0.6;1.5;40;1.5;4.7;32.45;0.3;0.4;75;11.1;0.2;2.2;2;1.6;0.4;0.6;6.2;0;2.8;24.3;7.9
Domantas Sabonis;IND;24;6'11;34.8;6.1;10.3;0.592;1;2.2;44.6;0.3;1.1;25.6;0.2;0.3;77.8;18.5;3;9.4;5;2.7;0.8;0.5;2.4;6.1;1;22.9;15.6
Donovan Mitchell;UTA;23;6'1;34.3;4.6;9.1;0.505;1.6;3.5;46;2.5;6.8;37.75;1.8;2.1;86.6;24;0.8;3.6;4.3;2.7;1;0.2;15.6;0;2.7;30.3;12.5
Donta Hall;BKN;22;6'9;14.8;1.6;2.3;0.696;0;0.1;0;0;0;0;0;0;0;4.3;1.6;2.7;0.4;0.6;0.3;0.7;0.1;0.4;0;10.9;7.1
Donte DiVincenzo;MIL;23;6'4;23;2;3.4;0.588;0.3;0.6;48.7;1.3;3.7;30.25;0.3;0.4;79.2;9.2;1;3.8;2.3;1.4;1.3;0.3;3.4;0;2.7;16.8;10.2
Dorian Finney-Smith;DAL;27;6'7;29.9;1.7;2.9;0.586;0.1;0.2;30.8;1.7;4.3;37.65;0.2;0.3;58.3;9.5;2;3.7;1.6;1;0.6;0.5;3;0.1;3.8;12.8;7.2
Doug McDermott;IND;28;6'7;19.9;1.7;2.7;0.63;0.2;0.9;27.9;1.9;4.4;43.2;0.1;0.1;83.3;10.3;0.4;2.1;1.1;0.6;0.2;0.1;2.1;0;3.7;18.6;9.3
Dragan Bender;GSW;22;7'0;17.8;1.6;3;0.533;0;0;0;0.9;2.8;37.9;0.3;0.3;100;6.7;1;3.6;1.8;1.3;0.3;0.6;1.4;0.9;2.6;18;7.9
Draymond Green;GSW;30;6'6;28.4;1.8;3.4;0.529;0.3;1;28.6;0.8;3;28.375;0.6;0.8;76.5;8;0.5;5.7;6.2;2.3;1.4;0.8;3.7;2.8;2.7;15.6;10
Drew Eubanks;SAS;23;6'9;12.4;1.8;2.8;0.643;0.2;0.3;66.7;0.1;0.1;25;0;0;0;4.9;1.3;2.6;0.7;1;0.2;0.8;0.2;1;0;15;10.4
Duncan Robinson;MIA;26;6'7;29.7;0.7;0.9;0.778;0.1;0.2;26.7;3.7;8.3;46.375;0;0;100;13.5;0.1;3;1.4;1;0.5;0.3;1;0;6.8;15.7;8.2
Dusty Hannahs;MEM;26;6'3;6.7;1;2.5;0.4;0;0.5;0;1;1.5;33.35;1;1;100;6;0;0.5;0;0;0;0;3.5;0;1;28.6;8
Dwayne Bacon;CHA;24;6'6;17.6;1.5;3.8;0.395;0.2;0.7;25.9;0.5;1.9;32.35;0.5;0.8;60;5.7;0.4;2.2;1.3;0.9;0.6;0.1;4.9;0.2;1.2;18.9;4.9
Dwight Howard;LAL;34;6'10;18.9;2.9;3.9;0.744;0;0;66.7;0;0;58.35;0;0;100;7.5;2.5;4.9;0.7;1.2;0.4;1.1;0.1;0.8;0.1;14.6;11.4
Dwight Powell;DAL;28;6'10;26.5;3.5;4.6;0.761;0;0.1;0;0.3;1;26.825;0.4;0.4;93.8;9.4;1.9;3.8;1.5;0.9;0.9;0.6;1.7;0.1;0.9;12.6;9.4
Dzanan Musa;BKN;21;6'9;12.2;1.2;2.5;0.48;0;0;0;0.5;2.1;20.425;0.3;0.5;65;4.8;0.5;1.6;1.1;0.9;0.4;0;3.1;0;1.5;19.3;7.4
E'Twaun Moore;NOP;31;6'3;18.2;1.8;3.8;0.474;0.4;1.1;33.9;1.2;3.1;38.2;0.1;0.2;60;8.3;0.6;1.8;1.4;0.7;0.6;0.2;4.2;0;2.3;19.6;7.4
Ed Davis;UTA;31;6'9;10.8;0.8;1.6;0.5;0;0;100;0;0;0;0;0;0;1.8;1.3;2.5;0.4;0.5;0.4;0.3;0;0.1;0;9.2;5.9
Edmond Sumner;IND;24;6'4;14.4;1.5;2.7;0.556;0.1;0.2;33.3;0.5;1.8;36.8;0.2;0.3;62.5;4.9;0.4;1.1;1.8;0.7;0.5;0.3;3.9;0;1.5;16.7;5.8
Elfrid Payton;NYK;26;6'3;27.7;3.6;7.2;0.5;0.4;1;38.3;0.3;1.6;18.875;0.8;1.3;57.6;10;1.2;3.6;7.2;2.1;1.6;0.4;12.8;0.1;1;19;11.1
Elie Okobo;PHX;22;6'3;13.1;0.8;1.7;0.471;0.1;0.3;27.8;0.4;1.3;34.75;0.3;0.5;53.6;4;0.3;1.3;2.1;0.7;0.4;0.1;3.9;0;0.8;14.7;7.9
Emmanuel Mudiay;UTA;24;6'3;15.7;1.8;3.4;0.529;0.5;1;47.2;0.6;1.6;34.175;0.8;1.1;77.6;7.3;0.3;2;2.1;1.4;0.4;0.2;8.3;0.2;1;21.8;9.5
Enes Kanter;BOS;28;6'10;17;3.3;5.6;0.589;0.1;0.3;38.9;0;0.1;8.35;0;0;0;8.1;2.8;4.6;1;1;0.4;0.7;0.1;2.7;0.1;18.6;15.3
Eric Bledsoe;MIL;30;6'1;27;3.8;6.7;0.567;0.5;1.4;38.6;1.2;3.5;30.65;1.3;1.6;78.6;14.9;0.7;3.9;5.4;2.4;0.9;0.4;11.8;0.3;1.4;23.3;12.5
Eric Gordon;HOU;31;6'3;28.2;2.1;4.2;0.5;0;0.3;10;2.6;8.4;25.425;1.1;1.3;84.8;14.4;0.3;1.7;1.5;1.2;0.6;0.4;6.5;0.3;5.9;21.5;5.6
Eric Mika;SAC;25;6'10;19;2;3;0.667;0;0;0;0;0;0;0;0;0;6;2;5;0;0;0;0;0;0;0;8.9;7.7
Eric Paschall;GSW;23;6'6;27.6;3.8;6.4;0.594;0.9;2.1;43;0.7;2.2;29.2;1;1.2;78.4;14;1.4;3.2;2.1;1.6;0.5;0.2;5.7;2.9;1.9;20.7;9.6
Ersan Ilyasova;MIL;33;6'9;15.7;1.3;2.4;0.542;0.2;0.4;54.2;0.8;2.2;36.25;0;0.1;75;6.6;1;3.8;0.8;0.5;0.4;0.3;0.5;0.3;1.7;15.8;10.5
Evan Fournier;ORL;27;6'7;31.4;2.9;5.3;0.547;1;2.2;45.3;2.7;6.6;41.975;1;1.2;87.2;18.5;0.3;2.3;3.2;1.9;1.1;0.2;8.7;0.1;3.7;23.7;9.7
Evan Turner;MIN;31;6'6;13.2;0.9;2.2;0.409;0.4;1.1;40;0;0.3;0;0.2;0.2;75;3.3;0.4;1.6;2;1.4;0.5;0.4;3.4;0.6;0.3;15.4;6.2
Frank Jackson;NOP;22;6'3;13.5;1.2;2.4;0.5;0.3;0.8;41.3;0.9;2.6;33.9;0.3;0.5;67.9;6.3;0.4;1;1;0.8;0.3;0.1;2.8;0;1.7;20.3;5.5
Frank Kaminsky;PHX;27;7'0;19.9;2.3;4.2;0.548;0.2;0.6;31.8;1.1;3.2;37.225;0.5;0.7;73.1;9.7;0.9;3.6;1.9;0.9;0.4;0.3;1.8;1.3;2.8;20.4;9.9
Frank Mason;MIL;26;5'11;13.1;1.8;3.2;0.563;0.3;0.6;60;0.8;2.9;23.975;0.6;0.9;62.5;6.9;0.6;1.6;3.2;1.2;0.6;0.1;6.3;0;1.2;22.8;12.3
Frank Ntilikina;NYK;21;6'4;20.8;1;1.9;0.526;0.6;1.6;40.2;0.7;2.4;38.875;0.3;0.4;95;6.3;0.4;1.7;3;1.2;0.9;0.3;4.5;0;1.8;15.2;6.3
Fred VanVleet;TOR;26;6'1;35.7;2.9;6.3;0.46;0.4;1.1;31.1;2.7;6.9;40.625;0.9;1.2;76.6;17.6;0.3;3.4;6.6;2.2;1.9;0.3;14.3;0;3.9;21.8;11.6
Furkan Korkmaz;PHI;22;6'7;21.7;1.1;2.1;0.524;0.3;0.8;37.7;2;4.9;43.625;0.2;0.2;64.7;9.8;0.3;2.1;1.1;0.8;0.6;0.2;2.2;0;3.8;17.7;7.8
Gabe Vincent;MIA;24;6'3;9.2;0.2;1.1;0.182;0;0.3;0;0.9;3.7;35.4;0;0;0;2.4;0;0.6;0.7;0.1;0.6;0;0.9;0;2.3;19.6;0.7
Garrett Temple;BKN;34;6'5;27.9;1.2;2.4;0.5;0.3;0.8;34;2.1;6.3;33.8;0.2;0.2;83.3;10.3;0.5;3;2.5;1;0.8;0.5;2.9;0.1;4.3;16.2;7.8
Garrison Mathews;WAS;23;6'5;12.6;0.2;0.3;0.667;0.2;0.4;50;1.2;2.7;45.9;0.1;0.1;100;5.4;0.3;1;0.6;0.4;0.4;0.1;0.6;0;2.2;13.7;7.8
Gary Clark;ORL;25;6'6;13.5;0.3;0.5;0.6;0;0.1;33.3;1;2.9;36.75;0;0;0;3.7;0.9;1.7;0.4;0.2;0.1;0.5;0.4;0;2.5;10.5;6.5
Gary Harris;DEN;25;6'4;31.8;2.2;4.5;0.489;0.4;1;43.9;1.3;3.7;37.425;0.6;0.8;77.3;10.4;0.5;2.4;2.1;1.1;1.4;0.3;5.5;0;2.6;15;6.2
Gary Payton II;WAS;27;6'3;14.9;1.2;2.5;0.48;0;0.2;20;0.5;1.9;27.1;0.1;0.1;100;3.9;0.9;1.9;1.7;0.7;1.1;0.2;2.1;0.1;1.5;12.9;6.9
Gary Trent Jr.;POR;21;6'5;21.8;0.8;1.5;0.533;0.6;1.3;43.8;2;4.7;41.925;0.2;0.2;83.3;8.9;0.4;1.2;1;0.3;0.8;0.3;1.3;0.1;2.9;15;6.9
George Hill;MIL;34;6'3;21.5;1.7;2.9;0.586;0.2;0.5;37.5;1.4;2.9;47.35;0.4;0.5;89.3;9.4;0.8;2.2;3.1;1;0.8;0.1;4.2;0.1;1.6;15.2;11.7
Georges Niang;UTA;27;6'7;14;0.7;1.3;0.538;0.1;0.2;38.5;1.4;3.7;40.3;0.1;0.2;90;5.9;0.2;1.7;0.7;0.5;0.3;0.1;1.5;0.1;3;16.3;8
Giannis Antetokounmpo;MIL;25;6'11;30.4;8.8;13.1;0.672;0.7;1.8;38.8;1.4;4.6;30.475;1.6;2.7;58.8;29.5;2.2;11.4;5.6;3.7;1;1;10.5;4.4;1;36.3;23.9
Glenn Robinson III;PHI;26;6'6;28.8;2.4;4.1;0.585;1;2.2;46;1.2;3.2;39.55;0.4;0.5;80;11.7;1.3;3;1.5;0.9;0.9;0.3;2.9;0.1;2.8;16;8.4
Goga Bitadze;IND;20;6'11;8.7;0.9;1.4;0.643;0.3;0.7;44.4;0.2;0.9;33.35;0;0;0;3.2;0.5;1.5;0.4;0.5;0.2;0.7;0.1;0.3;0.8;17;7.2
Goran Dragic;MIA;34;6'3;28.2;2.6;4.8;0.542;0.7;1.7;42;2;5.8;38.5;0.7;0.9;80.8;16.2;0.5;2.7;5.1;2.4;0.7;0.2;10.8;0.3;3.2;24.8;11.4
Gordon Hayward;BOS;30;6'7;33.5;3.7;6.4;0.578;1.4;2.8;49.3;1.7;4.3;39.275;0.9;1.2;80;17.5;1.1;5.6;4.1;1.8;0.7;0.4;9.7;0.3;2.9;20.6;13.2
Gorgui Dieng;MEM;30;6'10;17.4;1.5;2.5;0.6;0.3;0.9;37.9;1;2.6;38.175;0.1;0.2;80;7.4;1.4;4.2;1.2;1;0.8;0.9;1.1;0.9;2.3;17.5;13.1
Grant Williams;BOS;21;6'6;15.1;0.9;1.4;0.643;0.1;0.2;23.5;0.5;1.5;25.275;0.1;0.1;87.5;3.4;0.9;1.7;1;0.7;0.4;0.5;0.4;0.4;1.2;11.2;3.8
Grayson Allen;MEM;24;6'4;18.9;1.4;2.4;0.583;0.2;0.4;50;1.6;3.8;40.625;0.6;0.6;95.8;8.7;0.2;2;1.4;0.9;0.3;0.1;4.3;0;3;17.1;8.3
Hamidou Diallo;OKC;21;6'5;19.5;2.3;4.7;0.489;0.2;0.6;38.5;0.4;1.4;26.1;0.3;0.5;59.1;6.9;1;2.7;0.8;1.1;0.8;0.2;2.8;0.1;1.1;17.3;6.1
Harrison Barnes;SAC;28;6'8;34.5;3.4;6.4;0.531;0.2;0.9;27.4;1.4;3.7;37.875;1;1.3;79.6;14.5;1.1;3.9;2.2;1.2;0.6;0.2;6.1;3.9;2.9;17.2;9
Harry Giles III;SAC;22;6'11;14.5;2.4;4;0.6;0.7;1.4;48.4;0;0;0;0;0;50;6.9;0.9;3.2;1.3;1;0.5;0.4;0.6;1;0;20.6;10.3
Hassan Whiteside;POR;31;7'0;30;5.9;9.2;0.641;0.5;1.2;42.2;0.1;0.1;28.55;0;0;50;15.5;3.9;9.7;1.2;1.8;0.4;2.9;0.5;2.7;0.1;19.2;15.9
Henry Ellenson;BKN;23;6'10;3;0.2;0.6;0.333;0;0;0;#VALEUR!;#VALEUR!;0;0;0;0;0.4;0.4;0.8;0.2;0;0;0;0;0;0.8;15.9;4.1
Ian Mahinmi;WAS;33;6'11;21.3;2.6;4.6;0.565;0.1;0.2;28.6;0.1;0.7;17.825;0.1;0.2;50;7.4;2.1;3.7;1.3;1.2;0.8;1.2;0.8;0.3;0.6;15.4;7.8
Ignas Brazdeikis;NYK;21;6'6;5.9;0.6;1.2;0.5;0;0.4;0;0.1;1.2;6.25;0.3;0.4;75;1.9;0.2;0.3;0.4;0.2;0;0.1;1.7;0.1;0.9;21.8;1.8
Iman Shumpert;BKN;30;6'5;18.5;0.7;1;0.7;0.3;1.3;23.5;0.7;2.5;29.15;0.2;0.2;100;4.2;0.7;1.9;0.9;0.8;0.9;0.2;0.9;0;1.8;13.4;3.9
Isaac Bonga;WAS;20;6'8;18.9;1.4;2.3;0.609;0;0.2;30;0.4;1.2;37.625;0.3;0.4;69;5;1.1;2.3;1.2;0.9;0.7;0.3;2.5;0;1;10.6;6.2
Isaiah Hartenstein;HOU;22;7'0;11.6;2;2.8;0.714;0.1;0.1;50;0;0.3;0;0.1;0.1;100;4.7;1.3;2.7;0.8;0.7;0.4;0.5;0.2;0.3;0.2;14.4;11.8
Isaiah Roby;OKC;22;6'8;3.8;0;0.3;0;0;0;0;#VALEUR!;#VALEUR!;0;0;0;0;0;0;0.7;0;0.3;0;0;0.7;0;0;7.1;-2
Isaiah Thomas;WAS;31;5'9;23.1;1.3;3.4;0.382;1.1;2.5;43.6;2;4.8;38.4;0.4;0.6;68.2;12.2;0.3;1.4;3.7;1.9;0.3;0.2;6.8;0;2.7;23.6;7
Ish Smith;WAS;31;6'0;26.3;2.5;4.8;0.521;1.2;2.9;40.5;0.9;2.5;35.825;0.3;0.4;64.3;10.9;0.4;2.8;4.9;1.4;0.9;0.4;10.7;0;1.6;18.6;10
Ivica Zubac;LAC;23;7'0;18.4;3;4.9;0.612;0.2;0.4;59.3;0;0;0;0;0;0;8.3;2.7;4.8;1.1;0.8;0.2;0.9;0.1;0.7;0;16.3;14.3
J.J. Barea;DAL;36;5'10;15.5;1.4;3.2;0.438;0.3;1;33.3;1.1;2.9;54.125;0.4;0.4;91.7;7.7;0.3;1.5;3.9;1.3;0.2;0.1;6.1;0;0.8;24.5;10.5
J.P. Macura;CLE;25;6'4;0.6;0;0;0;0;0;0;#VALEUR!;#VALEUR!;#DIV/0!;0;0;0;0;0;0;0;0;0;0;0;0;0;0;0
JJ Redick;NOP;36;6'3;26.3;0.7;1.6;0.438;1.1;2.4;44.8;3;6.7;46.625;0.3;0.3;75;15.3;0.2;2.4;2;1.3;0.3;0.2;2.7;0;4.2;19.7;9.8
JR Smith;LAL;34;6'6;13.2;0.9;1.4;0.643;0.2;0.5;33.3;0.2;1.8;6.25;0;0;0;2.8;0;0.8;0.5;0.7;0.2;0;1.7;0;1.3;14.4;0.6
Ja Morant;MEM;20;6'3;31;5.4;10.2;0.529;0.4;1.1;38.7;1;2.5;40.25;2;2.6;79.5;17.8;0.8;3.1;7.3;3.3;0.9;0.3;19.4;0;1;25.6;13
JaKarr Sampson;IND;27;6'7;13.8;1.8;2.6;0.692;0.2;0.5;33.3;0;0.5;22.9;0.2;0.2;100;4.6;0.6;2;0.6;0.4;0.5;0.4;1.1;0.2;0.4;12.6;7.5
JaMychal Green;LAC;30;6'8;20.7;0.9;1.7;0.529;0.1;0.2;41.7;1.5;3.8;39.4;0.1;0.1;83.3;6.8;1.2;4.9;0.8;0.9;0.5;0.4;0.5;0.4;3.6;13.2;8.3
JaVale McGee;LAL;32;7'0;16.6;2.7;4.3;0.628;0.1;0.1;50;0;0.1;30;0.1;0.1;62.5;6.6;1.8;3.9;0.5;0.8;0.5;1.4;0.4;0.9;0;14.5;11.3
Jabari Parker;SAC;25;6'8;24.2;4.6;7.1;0.648;0.3;1.1;27.5;0.9;3.2;28.775;0.5;0.7;76.9;14;1.6;4;1.8;1.7;1.2;0.4;3.5;1.2;2.6;23.3;11.3
Jacob Evans;MIN;23;6'4;14.4;0.5;1.7;0.294;0.6;1.8;32.7;0.4;1.4;32.25;0.4;0.5;85.7;4.4;0.3;1.1;1.1;0.9;0.4;0.4;2.3;0.1;1.1;16.7;3.3
Jae Crowder;MIA;29;6'6;28.8;1.2;2;0.6;0.2;0.5;38.2;2;6;36.05;0.3;0.3;88.9;10.5;0.8;5.1;2.5;1.1;1.1;0.4;1.3;0.3;4.2;15.2;8.9
Jahlil Okafor;NOP;24;6'10;15.6;3.3;5.2;0.635;0;0.1;33.3;0;0.1;25;0.1;0.1;50;8.1;1.6;2.6;1.2;1.3;0.2;0.7;1.3;2.9;0.1;19.5;10.9
Jake Layman;MIN;26;6'8;22;2.1;4;0.525;0.4;0.7;60;1.1;3.2;33.175;0.2;0.3;66.7;9.1;0.7;1.7;0.7;1;0.7;0.4;2.5;0.2;2.3;16.5;5.9
Jakob Poeltl;SAS;24;7'1;17.7;2.4;3.9;0.615;0.1;0.1;55.6;0;0;0;0;0.1;33.3;5.6;2;3.7;1.8;0.8;0.6;1.4;0.6;0.9;0;12.5;10.7
Jalen Brunson;DAL;23;6'1;17.9;1.8;3.4;0.529;0.7;1.4;47.4;0.8;2.2;35.225;0.5;0.6;85.3;8.2;0.4;2;3.3;1.2;0.4;0.1;7.2;0;1.2;19.9;10.7
Jalen Lecque;PHX;20;6'4;6.3;0.6;0.8;0.75;0.2;0.4;50;0;0.9;0;0;0;0;2;0;0.4;0.4;0.4;0;0;1;0;0.6;18.6;2.7
Jalen McDaniels;CHA;22;6'10;18.3;1.5;2.8;0.536;0.1;0.2;33.3;0.6;1.6;37.475;0.3;0.4;83.3;5.6;0.9;3.1;0.8;0.7;0.5;0.2;3.8;0.4;1.5;13.1;7.5
Jamal Crawford;BKN;40;6'5;6;0;0;0;1;2;50;1;2;25;0;0;0;5;0;0;3;0;0;0;1;0;2;23.5;12.2
Jamal Murray;DEN;23;6'4;32.3;3.2;5.8;0.552;1.8;3.9;46.3;1.8;5.4;37.55;0.9;1;89.5;18.5;0.8;3.2;4.8;2.2;1.1;0.3;9.7;0.4;2.3;24.8;12.1
James Ennis III;ORL;29;6'6;18.3;1.4;2.5;0.56;0.1;0.2;35.3;0.9;2.6;34.125;0.3;0.4;92.3;6.6;1;2.5;0.9;0.8;0.5;0.3;1.6;0.1;2.1;15.1;6.8
James Harden;HOU;30;6'5;36.5;5.3;9.6;0.552;0.1;0.3;50;4.4;12.4;35.65;3.6;4.2;86;34.3;1;5.5;7.5;4.5;1.8;0.9;17.6;0.8;1.3;35.6;19
James Johnson;MIN;33;6'7;19.4;2.1;3.6;0.583;0.1;0.3;37.5;1;2.9;34.725;0.5;0.8;66.7;8.4;0.8;2.9;2.3;1.5;0.8;1;3.4;0.3;1.8;18.6;8.6
Jared Dudley;LAL;34;6'6;8.1;0.1;0.3;0.333;0;0.1;25;0.6;1.3;46.45;0;0;0;1.5;0.1;1;0.6;0.2;0.3;0.1;0.4;0.1;0.9;8.1;6
Jared Harper;NYK;22;5'10;2.6;0.5;1;0.5;0;0;0;0;0.7;0;0;0;0;0.7;0;0;0;0;0;0;0.7;0;0.7;22.2;-2.6
Jaren Jackson Jr.;MEM;20;6'11;28.5;3.6;6.5;0.554;0.1;0.3;31.6;2.6;6.5;39.125;0.8;1.1;68.8;17.4;1;3.6;1.4;1.7;0.7;1.6;3.9;3;5.7;23.8;8.9
Jarred Vanderbilt;MIN;21;6'9;4.2;0.5;0.6;0.833;0;0;0;0;0.2;0;0;0;0;1.1;0.3;0.5;0.2;0.6;0.3;0.1;0;0;0.1;13.3;4.9
Jarrell Brantley;UTA;24;6'5;10.7;0.8;1.7;0.471;0;0;0;0.6;2.2;23.8;0;0;0;2.7;0.2;2;1.2;0.8;0.3;0.6;2.1;0.2;1.3;15.5;7.4
Jarrett Allen;BKN;22;6'11;26.5;4.3;6.5;0.662;0;0.1;40;0;0;0;0.1;0.1;83.3;11.1;3.1;6.5;1.6;1.1;0.6;1.3;0.3;0.2;0.1;14.8;13.9
Jarrett Culver;MIN;21;6'6;23.9;2.5;5.1;0.49;0.1;0.4;37.5;1.1;3.5;27.35;0.4;0.8;46;9.2;1.1;2.3;1.7;1.3;0.9;0.6;5.3;0.1;2.4;18.7;5.5
Jarrod Uthoff;WAS;27;6'9;7.6;0.3;0.7;0.429;0.4;1;40;0.6;1.6;39.3;0;0;0;2.7;0.3;0.6;0;0;0.1;0;0;0.3;1.1;14.1;6
Javonte Green;BOS;26;6'4;9.7;1.1;2;0.55;0;0.1;66.7;0.3;0.8;29.15;0.2;0.4;50;3.4;0.5;1.4;0.5;0.5;0.5;0.2;1.3;0;0.5;14.9;8.6
Jaxson Hayes;NOP;20;6'11;16.9;2.7;3.9;0.692;0;0;50;0;0;25;0.1;0.2;41.7;7.4;1.5;2.5;0.9;0.8;0.4;0.9;0.2;0.2;0.1;14.6;9.6
Jaylen Brown;BOS;23;6'6;33.9;4.5;7.9;0.57;0.7;1.8;42;2.3;5.9;41.475;1;1.3;72.4;20.3;1.1;5.3;2.1;2.2;1.1;0.4;8.5;1.1;4.1;24.5;11.3
Jaylen Hoard;POR;21;6'8;7.9;1.3;2.4;0.542;0;0.1;0;0;0.2;0;0.2;0.5;50;2.9;1.1;1.4;0.3;0.3;0.4;0;1;0;0.2;15.3;8.8
Jaylen Nowell;MIN;20;6'4;10.1;0.9;1.6;0.563;0.2;0.3;75;0.2;1.9;9.025;0.3;0.3;100;3.8;0.2;0.7;1.3;0.2;0.2;0.1;1.7;0;1.2;16.5;8
Jayson Tatum;BOS;22;6'8;34.3;4.3;8.4;0.512;1.2;3.1;38.3;2.9;7.1;39.025;1.8;2.2;83.1;23.4;1;6;3;2.3;1.4;0.9;10.8;1.5;2.4;28;14.3
Jeff Green;HOU;33;6'8;20;2;3.1;0.645;0.1;0.3;38.5;1.3;3.7;35.65;0.4;0.5;83.3;9.4;0.5;2.3;1;0.9;0.5;0.4;1.6;0.3;3.3;18.8;8.6
Jeff Teague;ATL;32;6'3;24.8;2.6;5.6;0.464;0.3;0.7;36.6;0.7;2;38.425;1.4;1.5;90;10.9;0.5;1.9;5.2;2;0.7;0.3;11.7;0.1;0.8;19.2;10
Jerami Grant;DEN;26;6'8;26.6;2.5;4.3;0.581;0.4;1.1;39.5;1.4;3.6;36.875;0.5;0.7;72.5;12;0.8;2.7;1.2;0.9;0.7;0.8;3.2;1.3;3.5;17.7;8.3
Jeremiah Martin;BKN;24;6'2;11;1.9;3.3;0.576;0.3;0.8;33.3;0.6;2.1;15.65;0.7;0.7;100;7.1;0.1;1;2;0.4;0.8;0.2;6;0;1.1;26.8;13.3
Jeremy Lamb;IND;28;6'5;28.1;2.1;4;0.525;1.4;3;47.4;1.1;3.4;34.975;0.9;1.1;84;12.5;0.5;3.8;2.1;1.1;1.2;0.5;5.9;0.1;2.1;19.5;9.5
Jeremy Pargo;GSW;34;6'2;14.8;2.4;4;0.6;0.3;1;33.3;1;2.3;21.45;0;0;0;8.3;0.3;0.7;2.7;1.3;0.3;0;5.3;0;0.7;26.8;7
Jerian Grant;WAS;27;6'4;13.4;1.2;2.7;0.444;0.2;0.5;33.3;0.3;1.5;14.3;0;0;0;4.5;0.3;0.7;1.5;0.5;0.2;0.2;3.7;0;0.8;16.6;3.2
Jerome Robinson;WAS;23;6'4;15.5;0.6;1.3;0.462;0.5;1.2;41.3;0.9;2.7;30.175;0.3;0.4;66.7;5.1;0.2;1.8;1.4;0.8;0.4;0.3;2.7;0;1.9;15.5;5
Jevon Carter;PHX;24;6'1;16.3;0.4;1;0.4;0.3;0.7;41;1.2;2.7;44.6;0.1;0.1;100;4.9;0.5;1.5;1.4;0.6;0.8;0.3;1.9;0;1.9;12.7;7.3
Jimmy Butler;MIA;30;6'7;33.8;4.5;8.1;0.556;0.9;2.9;31.7;0.5;2;25.35;3.1;3.8;82.2;19.9;1.8;4.8;6;2.2;1.8;0.6;15.5;3.1;0.8;24.6;15.9
Joakim Noah;LAC;35;6'11;10;1;2;0.5;0;0;0;0;0;0;0.4;0.4;100;2.8;1;2.2;1.4;1.2;0.2;0.2;1.2;1.8;0;14;9.9
Joe Chealey;CHA;24;6'4;8.4;0;1;0;0;0;0;0;1.5;0;0.5;0.5;100;0.5;0;0;0.3;0.5;1;0;2.3;0;1;12.8;-4
Joe Harris;BKN;28;6'6;30.8;2.7;4.8;0.563;0.3;0.7;43.1;2.5;5.8;46.025;0.3;0.4;69.2;14.5;0.9;3.4;2.1;1.5;0.6;0.2;6.5;0.1;4.5;17.9;8.8
Joe Ingles;UTA;32;6'7;29.7;1.3;2.4;0.542;0.2;0.4;41.4;2;4.8;38.3;0.5;0.6;77.8;9.8;0.4;3.5;5.2;2;0.9;0.2;8;0.1;2.5;14.8;9.6
Joel Embiid;PHI;26;7'0;29.5;4.5;7.7;0.584;1.9;4.7;40.2;1.1;3.4;33.525;0.4;0.6;73.3;23;2.8;8.9;3;3.1;0.9;1.3;2.4;9.8;2.9;31.5;19.4
John Collins;ATL;22;6'9;33.2;6.8;10.1;0.673;0.4;1.1;37.8;1.5;3.6;39.775;0.3;0.3;92.9;21.6;2.8;7.3;1.5;1.8;0.8;1.6;2.4;1.7;3.3;22.4;15.2
John Henson;DET;29;6'9;15;2.1;3.3;0.636;0;0.1;33.3;0.2;0.9;26.05;0;0.1;0;5.5;1.2;2.9;1.4;0.9;0.6;1.1;0.2;0.4;0.9;16;10.8
John Konchar;MEM;24;6'5;9.5;1;1.5;0.667;0.1;0.1;50;0.3;0.6;41.65;0;0;0;2.8;0.9;1.5;1.2;0.4;0.4;0.2;0.8;0.1;0.4;9.7;13.1
Johnathan Motley;LAC;25;6'8;3.2;0.9;1.3;0.692;0;0;0;0.1;0.1;50;0;0;0;2.2;0.2;0.5;0.6;0.4;0.2;0;0.2;0.2;0.1;23.5;17.2
Johnathan Williams;WAS;25;6'9;12;1.2;1.8;0.667;0.1;0.5;28.6;0;0.2;0;0;0;0;3;1.6;2.7;0.5;0.3;0.1;0.5;0;0.1;0.1;10;10.3
Jonah Bolden;PHX;24;6'8;6.7;0.7;1.2;0.583;0;0;0;0;0.7;0;0;0.3;0;1.4;0.4;0.9;0;0.3;0.4;0.3;0.1;0.1;0.6;13;0.3
Jonas Valanciunas;MEM;28;6'11;26.4;5.4;8.5;0.635;0.3;0.8;32.7;0.4;1.3;31.875;0.1;0.2;62.5;14.9;3;8.2;1.9;1.8;0.4;1.1;1.1;4.5;1.2;21.1;16.3
Jonathan Isaac;ORL;22;6'11;28.8;3;5.1;0.588;0.7;1.9;35.9;0.9;2.7;37.025;0.1;0.2;66.7;11.9;1.7;5.1;1.4;1.4;1.6;2.3;2.9;0.9;2.6;18.1;10.8
Jordan Bell;CLE;25;6'8;8.8;1.1;1.9;0.579;0;0.1;0;0.2;0.6;14.275;0.1;0.1;50;3.2;1;1.8;0.6;0.7;0.1;0.3;0.6;0.3;0.2;15.9;9.6
Jordan Bone;DET;22;6'3;5.3;0.2;0.6;0.333;0.1;0.4;25;0.2;1.2;11.1;0;0;0;1.2;0;0.4;0.8;0.2;0.1;0;0.5;0;0.8;17.1;1.1
Jordan Clarkson;UTA;28;6'4;24;3.1;5.6;0.554;0.3;0.8;31.7;2.1;5.8;37.75;0.7;0.8;89.7;15.2;0.7;1.9;1.9;1.4;0.6;0.2;8.9;0.2;3.4;25.4;10.5
Jordan McLaughlin;MIN;24;5'11;19.7;1.9;3.2;0.594;0.1;0.2;40;1;2.4;40.975;0.5;0.7;66.7;7.6;0.2;1.4;4.2;1;1.1;0.1;7.8;0;1.5;15.1;11
Jordan McRae;DET;29;6'5;21.2;2;4.1;0.488;0.9;2.4;36;1.2;3.6;35.15;0.9;1.1;85;11.5;0.5;2.9;2.5;1.2;0.6;0.4;5.5;0;1.9;23.9;9.3
Jordan Poole;GSW;21;6'4;22.3;1.1;2.4;0.458;0.6;1.7;34.3;1.3;4.7;30.525;0.4;0.5;79.3;8.8;0.2;1.9;2.4;1.3;0.6;0.2;4.6;0;3.2;20;5.1
Josh Gray;NOP;26;6'0;11.4;0.5;1;0.5;0;0;0;0;0;0;0;0;0;1;0.5;0.5;1;2.5;0;0;5;0;0;13.7;-2.4
Josh Hart;NOP;25;6'5;27;1.6;2.4;0.667;0;0.3;15.8;1.9;5.5;36.725;0.4;0.4;85.7;10.1;0.9;5.6;1.7;1.2;1;0.4;2.7;0.1;4.6;15;9.1
Josh Jackson;MEM;23;6'8;17.3;2;3.6;0.556;0.1;0.4;33.3;1.2;3.4;41.075;0.4;0.6;64.3;9;0.5;2.5;1.6;1.3;0.8;0.4;3.5;0.1;2.4;21.4;9.2
Josh Magette;ORL;30;6'1;4.7;0.6;0.8;0.75;0;0.6;0;0.1;0.5;12.5;0;0;0;1.5;0.1;0.6;0.6;0.6;0.4;0.1;1.9;0;0.3;22.6;5.7
Josh Okogie;MIN;21;6'4;25;2.1;3.9;0.538;0;0.1;20;0.6;2.5;28.95;1;1.2;85.1;8.6;1.4;2.9;1.6;1.4;1.1;0.4;4.6;0;2.1;14.8;7
Josh Reaves;DAL;23;6'4;7.1;1;2.4;0.417;0;0;0;0;0.6;0;0;0;0;2;0.3;0.5;0.8;0;0;0;0.5;0;0.3;16.1;2.4
Josh Richardson;PHI;26;6'5;30.8;2.2;4.5;0.489;1.3;2.7;48;1.5;4.5;34.425;0.8;0.9;88.5;13.7;0.7;2.4;2.9;1.9;0.9;0.7;8;0.1;3.4;20;7.8
Jrue Holiday;NOP;30;6'3;34.7;5.1;9.6;0.531;0.4;1.2;33.3;2;5.6;38.35;0.8;1.2;64.8;19.1;1.3;3.5;6.7;3;1.6;0.8;14.9;0.3;2.3;24.1;11.5
Juan Toscano-Anderson;GSW;27;6'6;20.9;1.6;2.9;0.552;0;0.2;0;0.7;1.8;35.4;0.1;0.2;50;5.3;0.7;3.3;2;1.2;1;0.4;3.2;0.2;1.7;12.5;7.4
Juancho Hernangomez;MIN;24;6'9;17.4;1.1;2.5;0.44;0;0.1;25;0.9;2.7;36.675;0.2;0.3;57.1;6;0.9;3.2;0.8;0.7;0.4;0.2;1;0.2;2.5;14.9;7.2
Julius Randle;NYK;25;6'8;32.5;5.4;10;0.54;0.9;2.2;39.4;1;3.5;32.125;0.9;1.3;69.5;19.5;2.4;7.4;3.1;3;0.8;0.3;8.5;4.8;2.9;27.1;13.1
Justin Anderson;BKN;26;6'5;10.7;0.4;0.9;0.444;0;0;0;0.7;3.4;26.175;0;0;0;2.8;0.1;2;0.8;0.4;0;0.6;1.1;0.1;2.7;16.2;2.8
Justin Holiday;IND;31;6'6;25;0.8;1.5;0.533;0.3;0.6;44.7;1.9;4.5;40.675;0.2;0.2;92.9;8.3;0.4;2.8;1.3;0.6;1.2;0.6;1.4;0;3.7;13;7.6
Justin Jackson;DAL;25;6'7;16.1;1.3;2.3;0.565;0.1;0.5;20;0.8;2.6;28.825;0.2;0.3;83.3;5.5;0.4;2;0.8;0.2;0.2;0.2;2;0;2.3;15;6.1
Justin James;SAC;23;6'7;6.5;0.7;1.4;0.5;0.2;0.5;33.3;0.5;1.3;37.725;0;0;0;2.5;0.2;0.7;0.5;0.2;0.2;0.3;0.7;0;0.7;18.1;7.5
Justin Patton;DET;23;6'11;4.8;0.6;1;0.6;0;0.2;0;0.2;1;25;0;0;0;1.8;0.2;0.8;0.4;0.4;0;0;0.2;0.2;0.8;19.4;2.9
Justin Robinson;WAS;22;6'1;5.4;0.1;0.1;1;0.1;0.8;16.7;0.4;0.6;30;0;0;0;1.4;0.1;0.4;0.8;0.3;0;0.1;0.7;0;0.4;13.3;7.7
Justin Wright-Foreman;UTA;22;6'0;11.3;1.2;2.1;0.571;0.3;1;33.3;0.6;2.6;30.55;0.3;0.5;50;4.8;0;1.3;1.8;0.8;0.5;0;3.3;0;0.8;22.5;6.5
Justise Winslow;MEM;24;6'6;32;3.5;7.8;0.449;0.5;1.5;37.5;0.6;2.4;25.65;0.3;0.5;50;11.3;1.5;5.2;4;2.2;0.6;0.5;8.5;0.9;1.9;19;7.4
Jusuf Nurkic;POR;25;7'0;31.6;6.3;11.2;0.563;0.3;1.3;20;0.3;1.2;11.1;0;0;0;17.6;2.9;7.4;4;2.4;1.4;2;1;5.4;1;23.2;12.4
Juwan Morgan;UTA;23;6'7;6.4;0.7;1;0.7;0;0;0;0.2;0.6;33.325;0;0;0;1.7;0.5;0.9;0.3;0.3;0;0.1;0.1;0;0.4;10.1;6.1
KZ Okpala;MIA;21;6'8;5.2;0.8;1.1;0.727;0;0;0;0;0.3;0;0;0;0;1.4;0.2;0.8;0.2;0.2;0.4;0.2;0.2;0;0.2;10.2;10.3
Kadeem Allen;NYK;27;6'1;11.7;1.1;2.2;0.5;0.4;0.8;50;0.5;1.8;34.475;0;0;0;5;0.2;0.7;2.1;0.8;0.5;0.2;4.9;0;0.9;19.1;8.7
Karl-Anthony Towns;MIN;24;6'11;33.9;5.4;8.6;0.628;0.4;1.3;28.9;3.2;7.9;47.3;0.9;1.1;84.2;26.5;2.7;8.1;4.4;3.1;0.9;1.2;4.1;7.9;5.9;27.8;16.8
Kawhi Leonard;LAC;29;6'7;32.4;4.8;8.5;0.565;2.5;5.7;42.9;2.2;5.7;41.1;2.3;2.5;90.2;27.1;0.9;6.1;4.9;2.6;1.8;0.6;13.4;4.6;2.7;32.7;19.1
Keita Bates-Diop;DEN;24;6'8;16.9;1.5;2.8;0.536;0;0.1;16.7;0.8;2.4;34.5;0.3;0.4;72.2;6.5;0.6;2.3;0.7;0.4;0.4;0.5;1.7;0;2.2;15.6;8.6
Kelan Martin;MIN;24;6'5;16;1.3;2.3;0.565;0.2;0.5;40;0.8;3.3;26.375;0.1;0.1;100;6.4;0.4;2.7;0.7;0.6;0.2;0.3;2.3;0;2.6;17.1;7.7
Keldon Johnson;SAS;20;6'5;17.7;2.2;3.6;0.611;0.3;0.6;55.6;1;1.5;70.825;1.1;1.4;75;9.1;0.6;2.8;0.9;0.8;0.8;0.1;3.9;0.1;1.2;16.4;11.2
Kelly Olynyk;MIA;29;6'11;19.4;1.1;2;0.55;0.1;0.4;33.3;1.4;3.5;39.725;0.2;0.2;83.3;8.2;0.7;3.9;1.7;1.1;0.7;0.3;1.7;0.8;3.1;16.5;10.2
Kelly Oubre Jr.;PHX;24;6'7;34.5;4.2;7.9;0.532;0.6;1.4;42.1;2;5.4;33.975;1.1;1.6;69.8;18.7;1.2;5.3;1.5;1.5;1.3;0.7;6.1;0.1;4.3;21.9;9.7
Kemba Walker;BOS;30;6'0;31.1;2.5;5.4;0.463;1;2.1;50.4;3.2;8.4;37.3;1.4;1.6;84.4;20.4;0.6;3.2;4.8;2.1;0.9;0.5;10.9;0;2.6;26.8;13
Kendrick Nunn;MIA;24;6'2;29.3;2.7;5.2;0.519;1.2;2.6;46.6;2.1;5.8;34.25;0.4;0.5;96.7;15.3;0.3;2.4;3.3;1.7;0.8;0.2;7.4;0.1;3.9;23.6;8.6
Kenrich Williams;NOP;25;6'6;21.3;0.7;1.2;0.583;0;0.1;25;0.6;2.6;27.025;0;0.1;25;3.5;1.3;3.5;1.5;0.6;0.7;0.5;1.4;0;2.3;8.7;5.2
Kent Bazemore;SAC;30;6'4;24.8;1.5;3.3;0.455;0.3;0.9;28.1;1.3;3.5;34.675;0.6;0.8;74.1;8.8;0.4;3.9;1.4;1.3;1.1;0.6;4;0.2;2.9;17.1;6.4
Kentavious Caldwell-Pope;LAL;27;6'5;25.5;1.6;2.6;0.615;0.6;1.3;43.7;1.4;3.4;38.55;0.2;0.3;65;9.3;0.6;1.5;1.6;0.9;0.8;0.2;2.4;0;3;14.2;6.5
Kevin Hervey;OKC;23;6'9;5.2;0.3;0.6;0.5;0.3;0.5;66.7;0.5;2.3;18.05;0;0;0;1.7;0.1;1.1;0.5;0;0.1;0.1;0.3;0.1;1.6;18.9;6.2
Kevin Huerter;ATL;21;6'7;31.4;1.8;3.6;0.5;0.4;1.3;33.3;2.3;6;40.475;0.3;0.4;90;12.2;0.6;3.4;3.8;1.6;0.9;0.5;5.7;0;3.9;16.9;7.8
Kevin Knox II;NYK;20;6'7;17.9;0.9;2.2;0.409;0.3;0.9;28.3;1;3.2;30.825;0.5;0.7;69.6;6.4;0.4;2.4;0.9;0.7;0.4;0.4;2.5;0.1;2.6;17.2;5.6
Kevin Love;CLE;31;6'8;31.8;1.8;3.3;0.545;1.4;2.7;52;2.6;7;41.3;0.2;0.2;83.3;17.6;1;8.8;3.2;2.5;0.6;0.3;1.3;6.8;5.3;22.5;14
Kevin Porter Jr.;CLE;20;6'4;23.2;2.2;3.8;0.579;0.4;1.4;29.2;1.1;3.1;35.575;0.8;1;76;10;0.4;2.8;2.2;1.9;0.9;0.3;5.1;0.1;1.6;20.2;6.9
Kevon Looney;GSW;24;6'9;13.1;1.3;2.7;0.481;0.1;0.7;15.4;0.1;0.8;5;0.1;0.1;100;3.4;1.4;1.9;1;0.6;0.6;0.3;1;1.3;0.7;14.7;5.6
Khem Birch;ORL;27;6'9;19.2;1.5;2.9;0.517;0;0.2;22.2;0;0;0;0.1;0.2;75;4.4;1.9;2.7;1;0.6;0.4;0.5;0.2;0.5;0;10.1;6.9
Khris Middleton;MIL;28;6'7;29.9;2.7;4.7;0.574;2.5;4.8;52.7;2.4;5.7;44.675;0.5;0.6;94.1;20.9;0.7;5.5;4.3;2.2;0.9;0.1;5.5;2.2;2.9;26;15.4
Khyri Thomas;DET;24;6'3;7.7;0;0.1;0;0.1;0.5;25;0.6;1.9;24.975;0.1;0.3;50;2.1;0.1;0;0.4;0.4;0.4;0;0.8;0;1.5;14.9;-1.3
Kostas Antetokounmpo;LAL;22;6'10;4;0.8;0.8;1;0;0;0;0;0;0;0;0;0;1.4;0.4;0.2;0.4;0.2;0;0;0;0;0;9.6;6.9
Kris Dunn;CHI;26;6'3;24.9;2.4;4.2;0.571;0.1;0.4;16.7;0.6;2.2;26.525;0.3;0.5;68;7.3;0.5;3.2;3.4;1.3;2;0.3;7;0.1;1.9;14.5;8.2
Kristaps Porzingis;DAL;24;7'3;31.8;3.2;5.9;0.542;1.3;3.4;38.1;2.5;7;32.3;0.9;1.1;80.3;20.4;1.8;7.7;1.8;1.6;0.7;2;3.7;3.4;6.1;26.3;12.8
Ky Bowman;GSW;23;6'1;22.6;1.6;3.2;0.5;0.7;1.6;42.5;0.7;2.4;33;0.4;0.4;90;7.4;0.5;2.2;2.9;1.6;1;0.2;5.3;0.1;1.3;16.8;6.7
Kyle Alexander;MIA;23;6'10;6.7;0.5;1;0.5;0;0;0;0;0;0;0;0;0;1;1;0.5;0;0.5;0;0;0;0;0;7.9;2.1
Kyle Anderson;MEM;26;6'9;19.8;1.6;2.9;0.552;0.4;0.7;48;0.4;1.3;28.175;0.2;0.4;61.5;5.8;0.9;3.4;2.4;1;0.8;0.6;2.8;0.2;1;13.4;9.4
Kyle Guy;SAC;22;6'1;3.2;0.3;0.3;1;0.3;0.3;100;#VALEUR!;#VALEUR!;0;0;0;0;1.3;0;0.3;0.3;0;0;0;0.7;0;1;20;3.8
Kyle Korver;MIL;39;6'7;16.6;0.2;0.4;0.5;0.3;0.6;50;1.8;4.2;42.525;0;0;100;6.7;0.3;1.8;1.2;0.8;0.4;0.2;0.3;0;3.2;14.5;7.6
Kyle Kuzma;LAL;24;6'8;25;2.8;5;0.56;0.5;1.6;33.3;1.5;4.5;38.925;0.6;0.7;83.3;12.8;0.9;3.6;1.3;1.5;0.5;0.4;4.3;1;3.3;22.1;8.5
Kyle Lowry;TOR;34;6'0;36.2;2.5;4.5;0.556;0.5;1.3;37.7;2.8;8;31.35;1.3;1.4;93.8;19.4;0.6;4.5;7.5;3.1;1.4;0.4;9.6;0.1;3.6;22.5;12.5
Kyle O'Quinn;PHI;30;6'9;10.8;0.9;1.4;0.643;0.3;0.6;50;0.2;1.1;15.9;0;0;0;3.5;1.2;2.8;1.8;0.7;0.2;0.8;0.3;0.7;0.8;14.8;12.9
Kyrie Irving;BKN;28;6'2;32.9;5.3;9.6;0.552;1.9;4.2;45.2;2.9;7.2;46.4;1.5;1.6;90.6;27.4;1.1;4.1;6.4;2.6;1.4;0.5;14.2;0.3;1.9;31.8;16.4
LaMarcus Aldridge;SAS;34;6'11;33.1;3.2;5.4;0.593;3;6.6;44.9;1.1;3;34.725;0.1;0.1;100;18.9;1.9;5.5;2.4;1.4;0.7;1.6;0.6;9.7;2.6;23.6;12
Lance Thomas;BKN;32;6'8;14;0.3;0.7;0.429;0.3;0.8;40;0.7;2.2;31.65;0;0;0;3.4;0.3;1.6;0.9;0.9;0;0;0.7;0;1.9;13;2
Landry Shamet;LAC;23;6'4;27.4;0.9;1.5;0.6;0.1;0.4;21.1;2.1;5.6;39.325;0.3;0.3;93.8;9.3;0.1;1.8;1.9;0.8;0.4;0.2;2.2;0;4.6;13.2;4.8
Langston Galloway;DET;28;6'1;25.8;1.2;2.3;0.522;0.4;0.9;42.6;2.1;5.1;42.65;0.2;0.3;88.9;10.3;0.5;1.8;1.5;0.6;0.7;0.2;3;0;4.7;14.9;7.5
Larry Nance Jr.;CLE;27;6'7;26.3;2.7;4;0.675;0.4;0.9;42.9;1;2.8;36.875;0.1;0.1;75;10.1;1.9;5.4;2.2;1.1;1;0.4;1.2;1.4;2.5;15;12.5
Lauri Markkanen;CHI;23;7'0;29.8;2.7;5;0.54;0.1;0.4;28.6;2.2;6.4;38.175;0.7;0.8;89.7;14.7;1.2;5.1;1.5;1.6;0.8;0.5;4.1;1;6;20.9;10.3
LeBron James;LAL;35;6'9;34.6;6.4;10.2;0.627;1;3;34.3;2.2;6.4;41.075;1.3;2;67.2;25.3;1;6.9;10.2;3.9;1.2;0.5;14.1;3.9;2.2;30.8;19.8
Lonnie Walker IV;SAS;21;6'5;16.2;1.4;3.1;0.452;0.4;1.1;35.4;0.7;1.8;40.475;0.3;0.4;69.2;6.4;0.4;1.9;1.1;0.7;0.5;0.2;3.8;0;1.4;18.3;6.8
Lonzo Ball;NOP;22;6'6;32.1;1.7;3.4;0.5;0.3;1.2;27.6;2.3;6.3;36.925;0.3;0.4;79.2;11.8;1.1;5;7;3.1;1.4;0.6;5.8;0.2;4.2;18.1;10.1
Lou Williams;LAC;33;6'1;28.7;2.8;5.8;0.483;1.5;3.7;40.1;1.7;4.9;35.95;1.4;1.7;81.4;18.2;0.5;2.6;5.6;2.8;0.7;0.2;11.1;0;2.1;27.1;12.4
Louis King;DET;21;6'7;6.2;0.3;0.7;0.429;0.1;0.4;33.3;0.5;1.3;48.825;0;0.2;0;2;0.1;0.9;0.5;0.2;0.2;0;0.8;0;1.1;16.3;4.3
Luc Mbah a Moute;HOU;33;6'8;8.2;0.7;1;0.7;0;0;0;0;0.7;0;0;0;0;1.7;0.3;0.3;0;0.3;0.7;0;0.3;0;0.7;10.8;3.4
Luguentz Dort;OKC;21;6'3;22.8;1.5;3.1;0.484;0;0.1;0;0.9;2.9;30.725;0.4;0.4;100;6.8;0.7;1.6;0.8;0.6;0.9;0.1;3.3;0;2.6;13.9;3.4
Luka Doncic;DAL;21;6'7;33.6;6.4;10.8;0.593;0.3;0.9;35.1;2.9;8.7;23.025;2.3;2.9;76.9;28.8;1.3;8.1;8.8;4.3;1;0.2;20.7;1.2;1.2;35.5;19.4
Luka Samanic;SAS;20;6'10;16.1;0.3;2.3;0.13;0.3;0.3;100;1;2.7;18.75;0.3;0.7;50;5.3;0.3;3;2;0.7;0;0.7;2.7;0.7;2.3;17.9;6.8
Luke Kennard;DET;24;6'5;32.9;2;3.7;0.541;0.9;2.1;43.1;2.6;6.5;39.7;0.6;0.7;88.9;15.8;0.3;3.2;4.1;1.5;0.4;0.2;7.9;0;3.6;19.3;9.8
Luke Kornet;CHI;24;7'2;15.5;1.4;2;0.7;0.1;0.2;33.3;1;3.2;24.575;0;0;0;6;0.6;1.7;0.9;0.4;0.3;0.7;0.4;0.2;2.8;16.3;7.3
Malcolm Brogdon;IND;27;6'5;30.9;3;6.2;0.484;1.6;3.3;49.7;1.4;4.3;26.5;1.4;1.6;87.4;16.5;0.9;4;7.1;2.4;0.6;0.2;14.2;0.3;1.4;24.9;13.6
Malcolm Miller;TOR;27;6'7;5.8;0.1;0.3;0.333;0;0;100;0.5;1.2;44.6;0;0.1;25;1.3;0.1;0.5;0.4;0.1;0.2;0.1;0.4;0;0.6;9;3.5
Malik Beasley;MIN;23;6'4;22;1.7;3.4;0.5;0.6;1.2;44.8;2;5;40.275;0.3;0.4;85;11.2;0.3;2.4;1.4;1;0.7;0.1;3.8;0;3.5;20.8;8.3
Malik Monk;CHA;22;6'3;21.3;2.7;4.6;0.587;0.1;0.5;27.6;1.1;3.6;26.925;0.7;0.8;86;10.3;0.5;2.4;2.1;1.4;0.5;0.3;6.6;0;2.3;22;9.1
Malik Newman;CLE;23;6'3;3.7;0;0;0;0;1;0;0;1;0;0;0;0;2;0;0;0;1;0;0;1;0;0;57.1;-15.4
Marc Gasol;TOR;35;6'11;26.4;1.3;2.4;0.542;0.1;0.6;18.5;1.4;3.4;40.5;0;0;100;7.5;0.7;5.5;3.3;1.3;0.8;0.9;0.7;2.1;3.2;13.3;9.6
Marco Belinelli;SAS;34;6'5;15.5;0.4;0.8;0.5;0.6;1.6;38.6;1.3;3.3;39.275;0.1;0.1;66.7;6.3;0.1;1.6;1.2;0.3;0.2;0;0.8;0;2.1;16.6;7.1
Marcus Morris Sr.;LAC;30;6'8;31.2;1.6;3.3;0.485;1.8;4.1;44.5;2.3;5.6;41.65;0.7;0.9;75.4;16.7;1;4.1;1.4;1.6;0.8;0.5;3.6;2.2;3.6;21.6;9.2
Marcus Smart;BOS;26;6'3;32;1.8;3.8;0.474;0.3;1;28.1;2.3;6.5;33.375;0.7;0.8;87;12.9;0.7;3.1;4.9;1.7;1.7;0.5;6.2;0.9;4;18.3;9
Marial Shayok;PHI;24;6'5;7;0.3;0.8;0.375;0;0.8;0;0.5;1.8;25;0;0;0;2.8;0.3;1.5;0.3;0.8;0;0.3;0.5;0;0.8;24.3;1.5
Mario Hezonja;POR;25;6'8;16.4;1.1;2.1;0.524;0.2;0.5;35.7;0.4;1.5;27.2;0.3;0.3;83.3;4.8;0.6;2.9;0.9;0.8;0.7;0.2;1.7;0.1;1.1;13.5;6.7
Markelle Fultz;ORL;22;6'3;27.7;3.5;6.5;0.538;1;2.4;41.6;0.5;1.8;30.225;0.7;1;67.1;12.1;0.6;2.7;5.1;2;1.3;0.2;12;0.3;1.3;21;9.5
Markieff Morris;LAL;30;6'8;20.5;1.6;2.8;0.571;0.4;1.1;39.1;1.6;4;38.75;0.2;0.2;85.7;9.7;0.7;3.1;1.3;1.3;0.5;0.3;1.8;1.9;3.4;20.2;8.4
Marko Guduric;MEM;25;6'6;11;0.7;1.3;0.538;0.2;0.4;43.8;0.7;2.2;34.175;0.1;0.1;100;3.9;0.3;1.3;1;0.8;0.3;0.2;2.1;0;1.1;16.8;6.6
Marques Bolden;CLE;22;6'10;2.8;0;0;0;0;0;0;#VALEUR!;#VALEUR!;#DIV/0!;0;0;0;0;0;2;0;0;1;0;0;0;0;0;30.8
Marquese Chriss;GSW;22;6'9;20.3;3.3;5.6;0.589;0.1;0.3;31.3;0.1;0.7;21.6;0.2;0.3;68.8;9.3;1.9;4.3;1.9;1.3;0.7;1.1;1;1.9;0.6;18.4;12.7
Marvin Bagley III;SAC;21;6'11;25.7;5;9.6;0.521;0.7;1.6;42.9;0.3;1.7;9.5;0.6;0.9;66.7;14.2;2.2;5.2;0.8;1.4;0.5;0.9;2.6;3;1.7;24.8;9.7
Marvin Williams;MIL;34;6'8;19.5;1;1.6;0.625;0.1;0.3;31.6;1;2.7;38.425;0.1;0.1;75;5.9;0.5;2.6;1;0.6;0.6;0.5;0.9;1.2;2.4;12;7.4
Mason Plumlee;DEN;30;6'11;17.3;2.8;4.5;0.622;0;0.2;14.3;0;0;0;0.1;0.3;56.3;7.2;1.6;3.6;2.5;1.3;0.5;0.6;1;2.4;0;17.3;12
Matisse Thybulle;PHI;23;6'5;19.8;0.9;1.5;0.6;0;0.2;16.7;0.9;2.5;37.075;0.1;0.2;50;4.7;0.7;1;1.2;0.8;1.4;0.7;1.7;0;2.3;10.8;4.4
Matt Mooney;CLE;23;6'2;4.7;0;0;0;0.3;0.5;50;0;0.8;0;0;0;0;0.5;0;0.8;0.3;0;0.5;0.3;0.8;0;0.5;8;7.5
Matt Thomas;TOR;25;6'4;10.7;0.2;0.5;0.4;0.5;0.8;57.6;1.3;2.6;48.25;0.1;0.1;75;4.9;0.2;1.3;0.5;0.4;0.2;0;0.9;0;1.9;15.2;9.3
Matthew Dellavedova;CLE;29;6'3;14.4;0.6;1.4;0.429;0.1;0.1;37.5;0.4;1.7;25.225;0.1;0.2;66.7;3.1;0.3;1;3.2;1;0.4;0;3.3;0.2;1.2;12.8;5.9
Maurice Harkless;NYK;27;6'7;23;1.6;2.8;0.571;0.1;0.2;45.5;0.5;1.7;33.3;0.1;0.2;50;5.8;0.9;3;1.1;0.9;0.9;0.5;1.9;0.3;1.5;10.5;5.9
Max Strus;CHI;24;6'5;3.1;1;1;1;0;0;0;0;0.5;0;0;0;0;2.5;0.5;0;0;0;0;0;0;0;0.5;15.8;12.3
Maxi Kleber;DAL;28;6'10;25.5;1.5;2.5;0.6;0.1;0.2;43.8;1.7;4.3;37.9;0.2;0.2;93.8;9.1;1.5;3.7;1.2;0.8;0.3;1.1;1.1;0.2;4.1;13.4;8.2
Melvin Frazier Jr.;ORL;23;6'5;6.6;0.4;0.8;0.5;0.1;0.4;28.6;0.6;1.3;36.675;0;0;0;2.1;0.1;0.4;0.2;0.3;0.5;0.1;0.4;0;0.7;12.9;5.4
Meyers Leonard;MIA;28;7'0;20.3;1.3;1.8;0.722;0;0.2;18.2;1.1;2.5;41.675;0;0;50;6.1;0.6;4.5;1.1;0.8;0.3;0.3;0.7;0.6;2.3;12.1;8.5
Mfiondu Kabengele;LAC;22;6'9;5.4;0.5;0.9;0.556;0;0.2;0;0.9;1.8;43.75;0;0;0;3.5;0.1;0.8;0.2;0.2;0.2;0.2;0.3;0.3;1.5;24.2;11.2
Michael Carter-Williams;ORL;28;6'5;18.5;1.9;3.8;0.5;0.1;0.4;31.3;0.5;1.8;26.8;0.7;0.9;78.6;7.2;1;2.2;2.4;1.2;1.1;0.5;5.5;0.1;1.5;17.5;9.6
Michael Frazier;HOU;26;6'3;11.1;0.3;0.5;0.6;0;0;0;0.4;1.9;23.975;0.1;0.2;50;2.1;0.1;0.7;0.2;0.4;0.2;0;0.8;0;1.5;11.5;-2.4
Michael Kidd-Gilchrist;DAL;26;6'6;11.2;0.7;1.5;0.467;0;0.3;14.3;0.3;0.9;30.2;0.1;0.1;100;2.4;0.6;2.1;0.6;0.6;0.1;0.2;1.5;0.1;0.8;13.4;4
Michael Porter Jr.;DEN;22;6'10;16.4;2;3.4;0.588;0.4;1;42.6;1.1;2.8;39.125;0.2;0.2;90;9.3;1.2;3.5;0.8;0.9;0.5;0.5;1.6;0.4;1.9;21.1;12.3
Mikal Bridges;PHX;23;6'6;28;2.2;3.5;0.629;0.2;0.5;38.2;0.9;2.6;36.625;0.3;0.3;87.5;9.1;0.9;3.1;1.8;1;1.4;0.6;2.9;0.2;2.6;12.5;8.2
Mike Conley;UTA;32;6'1;29;2.3;5.2;0.442;0.6;1.4;43.9;2;5.3;41.325;1.1;1.4;76.9;14.4;0.7;2.5;4.4;2;0.8;0.1;12.7;0;2.5;22.3;9.6
Mike Muscala;OKC;28;6'10;12.2;0.4;0.8;0.5;0.1;0.2;40;1.3;3.4;37.25;0;0;0;4.8;0.3;2;0.9;0.4;0.2;0.3;0.3;0.1;2.9;16;8.3
Mike Scott;PHI;31;6'7;17.8;0.8;1.5;0.533;0.2;0.5;35.5;1.2;3.3;34.775;0.1;0.1;100;6;1;2.7;0.8;0.4;0.3;0.1;0.5;0.5;3.1;13.2;7.9
Miles Bridges;CHA;22;6'6;30.7;3.1;6.3;0.492;0.2;0.6;35;1.5;4.6;34.3;0.5;0.6;88.9;13;1.4;4.2;1.8;1.5;0.6;0.7;5.5;1.7;3.8;19.6;8.2
Mitchell Robinson;NYK;22;7'0;23.2;4.2;5.6;0.75;0;0;50;0;0;0;0.1;0.1;100;9.7;3;4;0.6;0.6;0.9;2;0.1;0.2;0;12.9;12.9
Miye Oni;UTA;22;6'5;10.9;0.4;1;0.4;0.1;0.3;33.3;0.9;2.3;35.6;0.2;0.2;100;3.5;0.5;1.2;0.4;0.4;0.4;0.2;1.3;0.1;1.4;14.6;5.3
Mo Bamba;ORL;22;7'0;14.2;1.4;2.5;0.56;0.1;0.4;32;0.5;1.8;29.225;0;0;0;5.4;1.6;3.3;0.7;0.7;0.4;1.4;0;0.3;1.7;16.3;11.5
Monte Morris;DEN;25;6'2;22.4;1.8;3.6;0.5;0.8;1.8;47.7;0.9;2.5;39;0.2;0.3;81.8;9;0.3;1.5;3.5;0.7;0.8;0.2;5.6;0.1;1.7;16.8;9.9
Montrezl Harrell;LAC;26;6'7;27.8;7.4;12.1;0.612;0.1;0.5;13.8;0;0.2;0;0.4;0.7;57.1;18.6;2.6;4.5;1.7;1.7;0.6;1.1;2.9;4.3;0.1;24.5;14.5
Moritz Wagner;WAS;23;6'11;18.6;2.6;4;0.65;0;0.2;28.6;0.5;1.8;38.075;0.4;0.4;88.9;8.7;1.2;3.6;1.2;1.5;0.6;0.4;1.2;0.6;1.7;17.9;9.3
Moses Brown;POR;20;7'2;3.6;0.6;1.4;0.429;0;0;0;0;0;0;0;0;0;1.2;0.3;1.2;0.1;0.3;0.1;0.1;0;0.2;0;20;3.2
Mychal Mulder;GSW;26;6'3;29.1;1.1;1.8;0.611;0.3;0.4;66.7;2.4;7.4;37.5;0.1;0.3;50;11;0.4;2.9;1.1;0.7;0.3;0.1;2;0.3;7.1;16.5;5
Myles Turner;IND;24;6'11;29.4;2.2;3.7;0.595;0.7;1.7;39.6;1.4;4;34.25;0.3;0.3;81;12.1;1.4;5.2;1.2;1.4;0.7;2.1;1.2;2.2;3.8;18;9.6
Nassir Little;POR;20;6'5;11.9;1.1;1.9;0.579;0;0.1;16.7;0.3;1.4;22.875;0.1;0.1;100;3.6;0.6;1.6;0.5;0.3;0.3;0.3;1;0.1;1;13.1;5
Naz Mitrou-Long;IND;26;6'3;9.4;1;1.2;0.833;0;0;0;0.7;2.8;18.05;0;0;0;2.8;0;1.4;1.6;0.6;0.2;0.2;3.4;0;1.2;17.7;10.8
Naz Reid;MIN;20;6'9;16.5;2.3;4.9;0.469;0;0.1;0;1.1;3.3;37.475;0.2;0.3;62.5;9;1.1;3;1.2;0.7;0.6;0.7;1.9;1.2;3;23.4;8.5
Nemanja Bjelica;SAC;32;6'10;27.9;2.3;4.1;0.561;0.2;0.5;35.9;1.9;4.5;46.975;0.2;0.2;93.8;11.5;1.5;4.8;2.8;1.4;0.9;0.6;3.3;2.6;3.8;16.7;10.3
Nerlens Noel;OKC;26;6'10;18.5;2.8;3.9;0.718;0.2;0.5;32.3;0;0;25;0;0;50;7.4;1.5;3.4;0.9;1.1;1;1.5;0.3;0.1;0;14.8;12.5
Nickeil Alexander-Walker;NOP;21;6'5;12.6;1;2.5;0.4;0.1;0.4;26.3;1;3;36.65;0.3;0.5;64;5.7;0.2;1.6;1.9;1.1;0.4;0.2;4.7;0;2;23.3;6.9
Nicolas Batum;CHA;31;6'9;23;0.6;0.9;0.667;0;0.5;8.3;0.6;2.3;29.55;0;0;0;3.6;1.1;3.4;3;1;0.8;0.4;1.2;0.1;1.6;9.3;6.8
Nicolas Claxton;BKN;21;6'11;12.5;1.7;2.6;0.654;0.1;0.1;50;0.1;0.6;16.65;0;0;0;4.4;1.3;1.7;1.1;0.6;0.1;0.5;0.5;0.1;0.3;14.4;9.2
Nicolo Melli;NOP;29;6'9;17.4;0.9;1.5;0.6;0.2;0.4;46.2;1.2;3.6;32.425;0.2;0.2;92.9;6.6;0.6;2.4;1.4;0.8;0.6;0.4;1;0.8;3.1;15.8;7.2
Nigel Williams-Goss;UTA;25;6'2;5;0.2;0.7;0.286;0.1;0.2;50;0.6;1.5;22.5;0;0;0;1.4;0.2;0.4;0.6;0.3;0.3;0.1;0.5;0;0.7;16.1;4.9
Nikola Jokic;DEN;25;7'0;32;5.2;8;0.65;1.4;3.1;45.6;1.1;3.5;42.025;0.4;0.5;79.4;19.9;2.3;7.5;7;3.1;1.2;0.6;3.2;8.1;2.9;26.6;17.9
Nikola Vucevic;ORL;29;6'11;32.2;5.2;9.2;0.565;1.2;2.8;41.7;1.6;4.7;48.025;0.2;0.2;91.7;19.6;2.3;8.6;3.6;1.4;0.9;0.8;1.7;8.1;4.6;25.8;15.3
Noah Vonleh;DEN;24;6'10;10.5;1.4;2.2;0.636;0;0.1;50;0.1;0.5;33.35;0.1;0.1;75;3.7;1;2.4;0.8;0.6;0.3;0.2;0.6;0.9;0.4;13.5;12.3
Norman Powell;TOR;27;6'3;28.4;3.3;5.5;0.6;0.3;0.8;39.5;2.1;5.1;40.7;0.6;0.6;90.6;16;0.5;3.2;1.8;1.5;1.2;0.4;5.4;0;4;21;10.9
Norvel Pelle;PHI;27;6'10;9.7;1.1;2.1;0.524;0;0;0;0;0.1;0;0;0;0;2.4;0.8;2.2;0.3;0.8;0.1;1.3;0;0.2;0;13.1;4.7
OG Anunoby;TOR;22;6'7;29.9;2.8;4.6;0.609;0.1;0.2;33.3;1.4;3.3;38.95;0.3;0.3;86.4;10.6;1.2;4.1;1.6;1.1;1.4;0.7;3.5;0.8;2.9;14.2;8.6
Omari Spellman;MIN;22;6'8;18.1;1.3;2.7;0.481;0.4;1.2;35.7;1;2.3;44.575;0.2;0.4;66.7;7.6;1.6;2.9;1;1.1;0.7;0.5;1.2;2.5;2.1;17.7;9.8
Oshae Brissett;TOR;22;6'7;7.1;0.5;1;0.5;0;0.1;0;0.3;1;19.6;0.1;0.1;100;1.9;0.5;0.9;0.4;0.4;0.2;0.1;0.6;0;0.7;14.5;4.2
Otto Porter Jr.;CHI;27;6'8;23.6;2.2;4;0.55;0.6;1.6;36.4;1.7;4.4;40.6;0.3;0.4;66.7;11.9;0.9;2.5;1.8;0.8;1.1;0.4;4.6;0.2;3.2;20.1;9.5
P.J. Tucker;HOU;35;6'5;34.3;0.8;1.5;0.533;0.1;0.3;47.6;1.4;4.2;32.075;0;0;0;6.9;1.6;5.1;1.6;1;1.1;0.5;1.2;0;4;8.7;5.7
P.J. Washington;CHA;21;6'7;30.3;3;5.9;0.508;0.1;0.3;29.4;1.5;4.1;40.65;0.2;0.4;54.2;12.2;1;4.4;2.1;1.6;0.9;0.8;4;3.7;3.5;18.4;8.3
PJ Dozier;DEN;23;6'6;14.2;1.2;2.6;0.462;0.6;1.4;43.2;0.6;1.7;25.5;0.3;0.4;75;5.8;0.3;1.6;2.2;0.9;0.5;0.2;4.2;0;0.7;19.9;7.1
Pascal Siakam;TOR;26;6'9;35.2;5.3;9.8;0.541;0.8;2.6;31.4;2.3;6.2;36.45;1.5;1.9;78.3;22.9;1.1;6.3;3.5;2.5;1;0.9;10;3.9;3.2;27.8;12.9
Pat Connaughton;MIL;27;6'5;18.6;1.3;1.9;0.684;0;0.2;10;0.8;2.5;30.125;0.1;0.2;70;5.4;0.9;3.3;1.6;0.8;0.4;0.5;1.9;0;2.2;11.8;9
Patrick Beverley;LAC;31;6'1;26.3;1.3;2.4;0.542;0.1;0.2;27.3;1.6;4;39.35;0.3;0.4;65;7.9;1.1;4.1;3.6;1.3;1.1;0.5;4.5;0;3.3;13.1;8.8
Patrick McCaw;TOR;24;6'7;24.5;1;2;0.5;0.2;0.5;38.9;0.6;1.9;32.4;0.1;0.2;62.5;4.6;0.5;1.8;2.1;0.8;1.1;0.1;2.8;0;1.6;9.3;5
Patrick Patterson;LAC;31;6'8;13.2;0.4;0.8;0.5;0.1;0.2;21.4;1.3;3.3;40.575;0.1;0.1;100;4.9;0.6;2;0.7;0.4;0.1;0.1;0.4;0.4;2.8;14.3;8.5
Patty Mills;SAS;31;6'1;22.5;0.9;1.5;0.6;0.6;1.4;44.4;2.3;6.1;40.575;0.2;0.2;92.9;11.6;0.3;1.3;1.8;0.8;0.8;0.1;2.6;0;3.7;19.3;8.2
Paul George;LAC;30;6'8;29.6;2.6;5;0.52;1.3;3.4;37.2;3.2;7.9;46.525;1.5;1.8;81.8;21.5;0.5;5.2;3.9;2.6;1.4;0.4;8.3;1.4;4.4;29.2;14.7
Paul Millsap;DEN;35;6'7;24.3;2.7;5;0.54;0.4;1.1;36.4;1;2.4;43.475;0.5;0.6;84.8;11.6;1.9;3.8;1.6;1.4;0.9;0.6;2.7;2.2;2.2;19.7;10.2
Paul Watson;TOR;25;6'6;8.7;0.7;1.5;0.467;0;0.1;0;0.4;1.4;18.2;0.4;0.5;80;3.1;0.2;1.5;0.8;0.3;0.4;0.1;1.7;0;0.7;14.2;9.5
Quinn Cook;LAL;27;6'1;11.5;0.9;1.9;0.474;0.5;1.2;46;0.9;2.2;38.175;0.1;0.1;100;5.1;0.3;0.9;1.1;0.8;0.3;0;2.4;0;1.2;20.1;7.2
Quinndary Weatherspoon;SAS;23;6'3;7.1;0.4;1;0.4;0;0.2;0;0.1;0.6;16.65;0.1;0.2;50;1.1;0.1;0.5;1;0.5;0.3;0.1;1.2;0;0.3;10.7;2.1
RJ Barrett;NYK;20;6'6;30.4;3.7;8;0.463;0.4;1.5;27.1;1.2;3.5;33.15;1.1;1.8;61.8;14.3;0.9;4.1;2.6;2.2;1;0.3;9.8;0.8;2.9;23.4;7.2
Rajon Rondo;LAL;34;6'1;20.5;1.7;3.5;0.486;0.3;0.7;37.1;0.9;2.7;33.125;0.3;0.4;65;7.1;0.5;2.5;5;1.9;0.8;0;7;0.1;1.3;18.4;10.4
Raul Neto;PHI;28;6'1;12.4;1.1;2.2;0.5;0.2;0.3;44.4;0.7;1.7;42.8;0.2;0.3;75;5.1;0.2;0.9;1.8;0.9;0.4;0.1;3.8;0;1;18.1;9.4
Rayjon Tucker;UTA;22;6'3;8.1;0.8;1.2;0.667;0.2;0.3;60;0.2;0.9;9.4;0.5;0.7;71.4;3.1;0.2;0.9;0.3;0.4;0.1;0.1;1.7;0.1;0.6;15.2;6.8
Reggie Bullock;NYK;29;6'6;23.6;1.1;1.9;0.579;0.8;1.9;41.1;1.4;3.9;31.55;0.1;0.2;66.7;8.1;0.4;1.9;1.4;0.7;0.9;0.1;1.5;0;3.2;15.3;5.8
Reggie Jackson;LAC;30;6'3;24;2.1;4.7;0.447;0.4;1.2;32.4;1.8;4.6;42.4;0.4;0.5;81.3;11.9;0.5;2.4;4.1;1.6;0.4;0.2;8.5;0.1;2.7;22.9;9.8
Richaun Holmes;SAC;26;6'10;28.2;4.8;7.2;0.667;0.3;0.6;48;0;0;0;0.2;0.2;87.5;12.3;2.9;5.3;1;1.2;0.9;1.3;0.6;1;0;15.6;11.5
Ricky Rubio;PHX;29;6'3;31;2;4.5;0.444;1.2;2.9;42.1;1.2;3.3;34.425;1.1;1.3;90;13;0.7;4;8.8;2.7;1.4;0.2;12.4;0.1;2.4;19.9;12
Robert Covington;HOU;29;6'7;30.5;1.9;3.1;0.613;0.1;0.3;43.5;2.2;6.8;34.475;0.4;0.5;86.1;12.4;0.9;5.7;1.3;1.5;1.6;1.3;2.8;0;6.1;16.9;9
Robert Williams III;BOS;22;6'8;13.4;2.1;2.8;0.75;0.2;0.3;62.5;0;0;0;0;0;0;5.2;1.4;3;0.9;0.7;0.8;1.2;0.1;0.1;0;13.5;13.8
Robin Lopez;MIL;32;7'0;14.5;1.6;2.7;0.593;0.1;0.2;70;0.5;1.7;33;0;0.1;25;5.4;0.8;1.6;0.7;1;0.2;0.7;0.3;1.6;1.6;16.1;6
Rodions Kurucs;BKN;22;6'9;14.5;1;1.8;0.556;0;0.1;0;0.8;2;36.175;0.2;0.3;71.4;4.6;0.5;2.4;1.1;1;0.5;0.1;2;0.1;1.7;14.2;6.7
Rodney Hood;POR;27;6'8;29.5;1.6;3;0.533;1;1.9;51.3;1.7;3.5;50.125;0.3;0.4;75;11;0.5;3;1.5;0.9;0.8;0.2;3.6;1.1;2.2;13.7;7.4
Rodney McGruder;LAC;28;6'4;15.6;0.9;1.6;0.563;0;0.1;20;0.5;1.7;27.5;0.1;0.2;50;3.3;0.5;2.2;0.6;0.4;0.5;0.1;1.5;0;1.5;10.1;4.9
Romeo Langford;BOS;20;6'4;11.6;0.7;1.6;0.438;0.1;0.1;50;0.2;1;18.9;0.2;0.3;75;2.5;0.5;0.8;0.4;0.3;0.3;0.3;1.3;0.1;0.8;11.3;2.4
Rondae Hollis-Jefferson;TOR;25;6'6;18.7;2.4;4.7;0.511;0.2;0.4;36;0.1;0.4;18.75;0.5;0.6;85.3;7;1.8;2.9;1.8;1;0.8;0.4;2.4;1.8;0.4;16.4;10.1
Royce O'Neale;UTA;27;6'4;28.9;0.9;1.6;0.563;0;0.1;30;1.3;3.4;39.175;0.2;0.3;72.2;6.3;0.4;5.1;2.5;0.9;0.8;0.5;2.7;0;3;9.5;7.4
Rudy Gay;SAS;33;6'8;21.8;1.8;3.3;0.545;1.1;2.3;47.1;1.1;3.2;32.75;0.6;0.7;85.4;10.8;0.9;4.5;1.7;1.3;0.5;0.5;3.4;1.6;2.8;21.1;11.2
Rudy Gobert;UTA;28;7'1;34.3;5.6;8.2;0.683;0;0;0;0;0;0;0.1;0.1;40;15.1;3.4;10.1;1.5;1.9;0.8;2;0.5;0.7;0;16.2;15.1
Rui Hachimura;WAS;22;6'8;30.1;3.6;6.7;0.537;1.1;2.9;40.1;0.6;1.8;31.05;1;1.2;82.5;13.5;1.6;4.5;1.8;1.1;0.8;0.2;3.7;1.8;1.7;18.9;9.1
Russell Westbrook;HOU;31;6'3;36;7.5;13.5;0.556;2.1;5.2;40.7;1;3.7;25.075;1.9;2.5;75;27.2;1.8;6.2;7;4.5;1.6;0.4;20.8;1.1;1.9;33;14.5
Ryan Anderson;HOU;32;6'9;7;0;0.5;0;0.5;0.5;100;0.5;2.5;10;0;0;0;2.5;0;3.5;1;0.5;0.5;0;0;0;2.5;24.2;11.5
Ryan Arcidiacono;CHI;26;6'3;16;0.6;1.2;0.5;0.1;0.2;46.2;1;2.5;40.875;0.1;0.1;37.5;4.5;0.3;1.6;1.7;0.6;0.5;0.1;3.3;0;1.9;12.1;6.1
Ryan Broekhoff;PHI;29;6'6;10.6;0.2;0.4;0.5;0;0.1;0;1.4;3.7;39.05;0.1;0.1;100;4.2;0.3;2.2;0.6;0.4;0.3;0.2;0.6;0;2.8;15.5;8.4
Sekou Doumbouya;DET;19;6'8;19.8;1.6;3.3;0.485;0.1;0.3;27.3;0.9;2.8;29.625;0.3;0.4;70.6;6.4;0.5;2.6;0.5;0.9;0.5;0.2;2.1;0.3;2.3;16.4;3.9
Semi Ojeleye;BOS;25;6'6;14.6;0.4;0.8;0.5;0.1;0.2;42.9;0.8;2.1;39.125;0;0;100;3.4;0.4;1.7;0.5;0.3;0.3;0.1;0.8;0.1;1.7;9.4;5.7
Serge Ibaka;TOR;30;7'0;27;4;6.6;0.606;1;2.3;42.9;1.3;3.3;32.925;0.1;0.1;75;15.4;2.1;6.1;1.4;2;0.5;0.8;1.4;1.6;3.1;23.6;12.4
Seth Curry;DAL;29;6'2;24.6;1.2;2.3;0.522;0.9;1.7;54.6;2.3;5;45.475;0.3;0.3;88.9;12.4;0.4;1.8;1.9;1;0.6;0.1;4.2;0;3.2;17.6;9.3
Shabazz Napier;WAS;28;6'0;24;1.5;2.9;0.517;0.5;1;45.6;1.4;4.3;23.975;0.7;0.9;85.4;10.3;0.5;2.4;4.7;2.3;1.2;0.2;8.1;0;1.8;19.7;10.2
Shai Gilgeous-Alexander;OKC;21;6'5;34.7;4.6;8.9;0.517;0.9;2;47.8;1.2;3.6;38.4;2.5;3;82.7;19;0.7;5.2;3.3;1.9;1.1;0.7;16.4;0;1.2;23.5;12.3
Shake Milton;PHI;23;6'5;20.1;1.7;3;0.567;0.2;0.7;34.6;1.6;3.6;43.35;0.7;0.8;84.8;9.4;0.4;1.8;2.6;1.2;0.5;0.2;5.1;0;2.7;18.6;8.4
Shamorie Ponds;TOR;22;6'0;2.6;0.5;0.8;0.625;0;0;0;0.3;0.7;25;0.5;0.5;100;2.3;0;0.3;0.5;0;0;0.3;0.8;0;0.3;22.2;19.1
Shaquille Harrison;CHI;26;6'7;11.3;1.5;2.9;0.517;0.1;0.2;50;0.4;1.1;37.875;0.4;0.5;80;4.9;0.5;1.5;1.1;0.4;0.8;0.4;3.4;0;0.8;17.6;11.4
Sindarius Thornwell;NOP;25;6'4;17.7;2;3.5;0.571;0;0;0;1;1.5;50;1;2;50;8;0;2;2;1;0.5;0.5;4;0;1.5;17.6;9.4
Skal Labissiere;ATL;24;6'10;17.2;1.8;3.1;0.581;0.5;0.9;58.6;0.1;0.4;13.65;0;0;0;5.8;2;3.2;1.3;0.9;0.2;0.9;0.1;0.9;0.3;13.9;9.3
Solomon Hill;MIA;29;6'6;18.4;0.7;1.4;0.5;0.2;0.4;43.5;1.1;3;38.75;0.2;0.3;70;5.5;0.5;2.3;1.8;0.9;0.7;0.2;1.8;0.3;2.6;13.5;6.7
Spencer Dinwiddie;BKN;27;6'5;31.2;4.4;8.5;0.518;0.4;1.2;29.9;1.9;6.2;31.5;2.9;3.8;76.1;20.6;0.5;3;6.8;2.7;0.6;0.3;17.1;0.2;2.2;28.7;12.1
Stanley Johnson;TOR;24;6'6;6;0.6;1.3;0.462;0;0.3;16.7;0.3;1.2;23.35;0.2;0.2;66.7;2.4;0.3;1.2;0.8;0.6;0.2;0.2;1.2;0.1;0.4;21.4;8.5
Stanton Kidd;UTA;28;6'6;3.8;0;0.5;0;0;0;0;#VALEUR!;#VALEUR!;0;0;0;0;0;0;0.8;0.3;0.5;0;0;0.3;0;0.3;13.9;-7.7
Stephen Curry;GSW;32;6'3;27.9;3;4.6;0.652;1.2;2;60;2.4;9.8;28.3;2;2;100;20.8;0.8;4.4;6.6;3.2;1;0.4;7.2;0;4.4;28.6;13.3
Sterling Brown;MIL;25;6'5;14.7;0.9;1.8;0.5;0.1;0.5;25;1;2.8;34.2;0.3;0.3;81.3;5.1;0.6;2.9;1;0.8;0.6;0.1;2.2;0.1;1.8;16.2;8.2
Steven Adams;OKC;26;6'11;26.7;4.5;7.3;0.616;0;0.2;21.4;0;0;0;0.1;0.2;60;10.9;3.3;6;2.3;1.5;0.8;1.1;0.7;3.9;0;16.8;13.6
Svi Mykhailiuk;DET;23;6'7;22.6;0.9;2;0.45;0;0.1;25;2.1;5;40.525;0.3;0.4;80;9;0.3;1.6;1.9;1.1;0.7;0.1;4.4;0;4;16.5;6.9
T.J. McConnell;IND;28;6'1;18.7;2.2;3.7;0.595;0.7;1.8;37.2;0;0.2;26.65;0.2;0.3;77.3;6.5;0.5;2.1;5;1.4;0.8;0.2;9.2;0.1;0.2;16.7;12.2
T.J. Warren;IND;26;6'8;32.9;5;7.6;0.658;1.7;3.9;43;1.5;3.4;39.725;0.7;0.9;79.7;19.8;1;3.2;1.5;1.3;1.2;0.5;5.5;0.6;2.9;22.9;11.3
TJ Leaf;IND;23;6'10;7.9;1.1;2.3;0.478;0;0.2;25;0.3;0.8;44.025;0;0;0;3;0.8;1.7;0.3;0.3;0.4;0.1;0.7;0.4;0.6;18;9.2
Tacko Fall;BOS;24;7'5;4.6;1.8;2.2;0.818;0;0;0;0;0;0;0;0;0;3.3;0.1;2;0.1;0.4;0.1;0.6;0;1.3;0;25;24.1
Taj Gibson;NYK;35;6'9;16.5;2.2;3.4;0.647;0.4;1;40.6;0;0.3;29.975;0;0;0;6.1;1.8;2.5;0.8;0.8;0.4;0.5;0.3;0.9;0.2;14.5;9.7
Talen Horton-Tucker;LAL;19;6'4;13.5;1.8;3;0.6;0.2;0.3;50;0.7;2.3;29.175;0.2;0.3;50;5.7;0.3;0.8;1;1;1.3;0.2;3.7;0;1.2;18;6.1
Tariq Owens;PHX;25;6'10;5.1;0.3;0.7;0.429;0;0.3;0;0;1.3;0;0;0;0;1.3;0.7;0.3;0;0;0.3;0;0;0;0.7;17.1;3.1
Taurean Prince;BKN;26;6'7;29;1.8;3.8;0.474;0.4;1.1;33.3;2.3;6.7;33.85;0.3;0.3;80;12.1;0.8;5.2;1.8;2;0.9;0.4;5.3;0.1;4.9;20;7.4
Terance Mann;LAC;23;6'5;8.8;0.9;1.6;0.563;0;0.2;0;0.3;0.9;32.55;0.4;0.5;68.2;2.4;0.2;1.1;1.3;0.4;0.3;0.1;2.6;0;0.4;12.3;7.4
Terence Davis;TOR;23;6'4;16.8;1.4;2.4;0.583;0;0.3;11.1;1.4;3.3;42.9;0.1;0.2;83.3;7.5;0.7;2.6;1.6;1.1;0.5;0.2;3;0;2.5;18.1;10.1
Terrance Ferguson;OKC;22;6'6;22.5;0.4;0.7;0.571;0.1;0.3;57.1;0.9;3.1;30.3;0.1;0.1;83.3;3.9;0.4;0.9;0.9;0.6;0.5;0.3;1.3;0;2.9;9.2;0.7
Terrence Ross;ORL;29;6'6;27.4;1.4;2.4;0.583;1;2.6;39.8;2.6;7.2;38.2;0.1;0.1;90;14.7;0.2;3;1.2;1;1.1;0.3;2;0;5.3;21.6;9.5
Terry Rozier;CHA;26;6'1;34.4;2.9;6.6;0.439;0.7;1.7;38.9;2.7;6.7;41.35;0.6;0.7;88.1;18;0.8;3.6;4.1;2.2;1;0.2;10.2;0;3.7;23.2;10.3
Thabo Sefolosha;HOU;36;6'6;10.6;0.5;0.8;0.625;0;0.1;20;0.4;1.4;29.35;0;0;0;2.2;0.5;1.8;0.6;0.4;0.6;0.3;0.5;0;1.2;10;6.4
Thaddeus Young;CHI;32;6'8;24.9;2.8;5.4;0.519;0.1;0.4;32.1;1.3;3.5;33.775;0.1;0.2;57.1;10.3;1.5;3.5;1.8;1.6;1.4;0.4;3.7;1.5;3.1;19.2;8.9
Thanasis Antetokounmpo;MIL;27;6'6;6.4;1.3;2;0.65;0;0.1;0;0;0.7;0;0.1;0.3;40;2.8;0.6;0.6;0.8;0.6;0.4;0.1;1.8;0.1;0.3;20.2;6.2
Theo Pinson;NYK;24;6'5;11.1;0.9;2.2;0.409;0.1;0.2;33.3;0.4;2.4;22.2;0.2;0.2;87.5;3.6;0.3;1.3;1.7;1;0.5;0.1;3.6;0;1.2;21.8;5.1
Thomas Bryant;WAS;22;6'10;24.9;3.6;5.1;0.706;0.9;2;44.7;0.7;2;40.35;0.1;0.2;50;13.2;2.1;5.1;1.8;1.2;0.5;1.1;0.7;1;1.7;18.5;13
Thon Maker;DET;23;7'0;12.9;1;1.9;0.526;0.1;0.4;40;0.4;1.2;34.85;0.1;0.2;70;4.7;0.9;1.9;0.7;0.8;0.4;0.7;0.4;0.3;1;16;7.6
Tim Frazier;DET;29;6'0;13.1;0.6;1.4;0.429;0.3;1;33.3;0.5;1.3;39;0.3;0.4;63.6;3.6;0.3;0.9;3.4;1.3;0.5;0.1;5.1;0;0.5;17.1;6.8
Tim Hardaway Jr.;DAL;28;6'5;29.5;1.6;3.3;0.485;0.9;1.9;46.3;2.9;7.3;41.225;0.5;0.6;83.7;15.8;0.4;2.9;1.9;1;0.6;0.1;3.9;0.2;4.9;20.4;8.9
Timothe Luwawu-Cabarrot;BKN;25;6'7;18.1;1.1;2.2;0.5;0.1;0.2;44.4;1.5;3.8;39.15;0.5;0.6;89.3;7.8;0.6;2.1;0.6;0.8;0.4;0.1;2.6;0;3.2;16.2;6.9
Tobias Harris;PHI;27;6'8;34.3;4.8;8.2;0.585;1.1;3.1;34.7;1.9;5;39.45;0.6;0.7;84.3;19.6;1;5.9;3.2;1.4;0.7;0.6;8.4;2.5;3.7;23.6;12.6
Tomas Satoransky;CHI;28;6'7;28.9;2.4;4.7;0.511;0.2;0.7;34.1;0.9;3;33.75;0.6;0.6;90.5;9.9;1.2;2.7;5.4;2;1.2;0.1;10.2;0.3;2.6;16.5;9.4
Tony Bradley;UTA;22;6'10;11.4;2.1;3.2;0.656;0;0;0;0.1;0.1;50;0;0;0;4.9;1.9;2.7;0.4;0.5;0.2;0.6;0;0.2;0.1;14.7;12.2
Tony Snell;DET;28;6'6;27.8;0.9;1.6;0.563;0.2;0.6;42.4;1.7;4.3;41;0;0;100;8;0.2;1.7;2.2;0.5;0.5;0.3;3;0;3.8;11;6.2
Torrey Craig;DEN;29;6'7;18.5;1.4;2;0.7;0.1;0.2;21.4;0.8;2.5;31.925;0;0;100;5.4;1.1;2.2;0.8;0.4;0.4;0.6;0.6;0.1;2.3;12.3;5.6
Trae Young;ATL;21;6'1;35.3;4.9;9.5;0.516;0.8;1.8;44;3.5;9.5;49.225;2.1;2.5;85.9;29.6;0.5;3.7;9.3;4.8;1.1;0.1;19.8;0;1.7;33.9;16
Tremont Waters;BOS;22;5'10;10.8;0.7;1.7;0.412;0.3;0.7;42.9;0.4;2.5;10;0.4;0.4;100;3.6;0;1.1;1.5;1.4;0.9;0.2;4.3;0;0.8;23.2;3.7
Treveon Graham;ATL;26;6'5;16.9;0.9;2.1;0.429;0;0.1;33.3;0.7;2.2;27.125;0.3;0.4;75;4.4;0.9;1.8;0.8;0.5;0.4;0.1;1.9;0.1;2;13;3.7
Trevor Ariza;POR;35;6'8;28.2;1.3;2.1;0.619;0;0.1;0;1.4;3.9;37.575;0.3;0.3;86.7;8;0.6;4;1.7;1.1;1.3;0.3;3;0.3;3.2;11.7;7.7
Trey Burke;DAL;27;6'0;15.8;1.2;2.4;0.5;0.7;1.7;41.8;1;2.4;45.05;0.2;0.4;66.7;7.4;0.5;1;2.5;0.6;0.5;0.1;4.6;0;1.7;19.6;10.2
Trey Lyles;SAS;24;6'9;20.2;1.1;2.1;0.524;0.2;0.6;35;1.1;2.8;40.725;0.1;0.2;75;6.4;1.1;4.6;1.1;0.6;0.4;0.4;2.4;0.1;2.4;13.6;8.8
Tristan Thompson;CLE;29;6'9;30.2;4.7;9;0.522;0.2;0.5;31;0.1;0.4;32.5;0.2;0.2;92.9;12;4;6.2;2.1;1.8;0.6;0.9;2.2;2.5;0.2;18.1;10.8
Troy Brown Jr.;WAS;20;6'6;25.8;2.4;4.5;0.533;0.7;1.9;36.8;0.8;2.5;37.8;0.3;0.5;75;10.4;1.1;4.4;2.6;1.1;1.2;0.1;3.8;0.1;2.1;17.4;10
Troy Daniels;DEN;28;6'4;11.3;0.4;0.6;0.667;0.2;0.6;37;1.2;3.2;37.425;0;0;50;4.3;0.3;0.9;0.4;0.3;0.2;0.1;0.4;0;2;15.5;5.5
Ty Jerome;PHX;22;6'5;10.6;0.7;1.8;0.389;0.1;0.4;25;0.5;1.7;29.025;0;0.1;33.3;3.3;0.2;1.3;1.4;0.6;0.5;0.1;3.1;0;1.3;17;6.6
Tyler Cook;DEN;22;6'8;4.2;0.6;0.9;0.667;0.1;0.1;100;0;0;0;0;0;0;1.8;0.5;0.6;0.1;0.2;0.2;0;0.1;0.3;0;15;10.1
Tyler Herro;MIA;20;6'5;27.4;1.6;3;0.533;1.2;3;39.4;2.2;5.4;41.3;0.6;0.7;92.1;13.5;0.3;3.8;2.2;1.6;0.6;0.2;5.7;0.1;3;21.3;9.9
Tyler Johnson;BKN;28;6'3;18.2;0.8;1.8;0.444;0.7;1.6;46;1;3.1;35.5;0.6;0.7;85.7;7;0.5;1.5;1.9;0.7;0.4;0.2;2.9;0.2;2.7;17.7;6.6
Tyler Zeller;SAS;30;6'11;1.9;1;4;0.25;0;0;0;#VALEUR!;#VALEUR!;#DIV/0!;0;0;0;1;1.5;0.5;0;0;0;0;0;0;0;26.7;25
Tyrone Wallace;ATL;26;6'5;11.5;1;2.1;0.476;0;0.1;0;0.1;1.1;5;0.1;0.3;50;2.9;0.2;1.4;0.9;0.7;0.5;0.1;2.4;0.1;0.7;15.4;3.2
Tyson Chandler;HOU;37;7'0;8.4;0.6;0.7;0.857;0;0;0;0;0;0;0;0;0;1.3;1;1.6;0.2;0.3;0.2;0.3;0;0.1;0;5.7;6.1
Tyus Jones;MEM;24;6'0;19;1.8;3.5;0.514;0.5;1.2;40.8;0.8;2;41.675;0.2;0.3;70;7.4;0.1;1.4;4.4;0.8;0.9;0.1;4.9;0;1.2;16.5;10.8
Udonis Haslem;MIA;40;6'8;11;0.8;1.8;0.444;0;0.3;0;0.3;0.8;16.65;0;0;0;3;0.3;3.8;0.3;0.3;0;0;0;0.3;0.8;14.7;10.5
Vic Law;ORL;24;6'7;7.7;0.4;0.9;0.444;0.3;0.6;40;0.1;1.2;12.5;0;0;0;1.9;0.3;1.1;0.4;0.3;0.3;0;0.4;0;0.9;15;3.1
Victor Oladipo;IND;28;6'4;27.8;2.2;4.7;0.468;1.2;2.8;41.5;1.7;5.4;22.75;0.9;1.2;73.9;14.5;0.5;3.5;2.9;2.5;0.9;0.2;8.8;0;2.1;25.9;8.6
Vince Carter;ATL;43;6'6;14.6;0.5;1;0.5;0.3;0.7;40.9;1;3.5;30.85;0.1;0.1;75;5;0.3;1.8;0.8;0.6;0.4;0.4;1.2;0.5;2.8;16.3;5
Vincent Poirier;BOS;26;7'0;5.9;0.6;1.2;0.5;0.2;0.6;30;0;0.1;25;0;0;0;1.9;0.6;1.4;0.4;0.4;0.1;0.4;0.2;0.2;0.1;14.1;7.7
Vlatko Cancar;DEN;23;6'8;3.2;0.5;0.7;0.714;0;0.1;0;0.1;0.6;10;0;0;0;1.2;0.4;0.4;0.2;0.2;0.1;0.1;0.2;0;0.4;17.7;5.2
Wayne Ellington;NYK;32;6'4;15.5;0.2;0.4;0.5;0.2;0.6;28.6;1.4;4.2;42.925;0;0;0;5.1;0.1;1.7;1.2;0.5;0.4;0.1;0.6;0;2.8;14.6;6.8
Wendell Carter Jr.;CHI;21;6'9;29.2;3.8;6.5;0.585;0.4;0.8;45.7;0.1;0.7;39.025;0.1;0.2;75;11.3;3.2;6.2;1.2;1.7;0.8;0.8;0.6;1.8;0.6;16.2;10.3
Wenyen Gabriel;POR;23;6'9;7.8;0.5;0.9;0.556;0;0;100;0.3;0.8;31.675;0;0.1;25;2.1;0.7;1;0.3;0.5;0.4;0.2;0.6;0.1;0.6;12.4;4.3
Wes Iwundu;ORL;25;6'6;18.3;1.1;2;0.55;0.3;1;30;0.5;1.7;34.675;0.5;0.5;89.3;5.8;0.5;2.1;1.2;0.5;0.5;0.3;1.7;0;1.3;13.4;6.7
Wesley Matthews;MIL;33;6'4;24.4;0.8;1.5;0.533;0.1;0.4;34.6;1.7;4.5;38.175;0.1;0.2;58.3;7.4;0.3;2.1;1.4;0.6;0.6;0.1;1.7;0.1;3.5;12.3;5.3
Will Barton;DEN;29;6'5;33;3.2;6.6;0.485;0.7;1.3;51.4;1.8;5;42.825;0.5;0.7;76.3;15.1;1.3;5;3.7;1.5;1.1;0.5;7.8;0.1;2.7;19.7;10.9
William Howard;HOU;26;6'8;6.6;0;0;0;0;0;0;0;2.5;0;0;0;0;0;0;1;0.5;0.5;0;0;1;0;1;15.2;-8.6
Willie Cauley-Stein;DAL;26;7'0;20.3;3.1;4.8;0.646;0.2;0.8;25;0;0;0;0;0;50;7.2;1.6;4.3;1.3;0.7;0.9;1.1;0.8;1.9;0;14.4;11.3
Willy Hernangomez;CHA;26;6'11;12.1;2.2;3.6;0.611;0.1;0.2;33.3;0.1;0.7;23.05;0;0.1;50;6.1;1.4;2.9;0.9;1;0.3;0.2;0.3;2.6;0.7;22.2;14.4
Wilson Chandler;BKN;33;6'8;21;0.9;1.5;0.6;0.2;0.3;66.7;1;3.4;33.75;0.3;0.3;90;5.9;0.3;3.8;1.1;1;0.5;0.3;2.7;0.1;3.2;12.8;6.5
Yogi Ferrell;SAC;27;6'0;10.6;0.5;1.2;0.417;0.6;1.1;54.7;0.6;1.8;41.65;0.4;0.5;83.3;4.4;0.1;0.9;1.4;0.6;0.4;0.1;2.5;0;0.6;18.5;9.1
Yuta Watanabe;MEM;25;6'8;5.8;0.7;1.4;0.5;0.1;0.3;25;0.2;0.5;41.65;0;0.1;0;2;0.4;0.7;0.3;0.1;0.3;0.1;0.7;0;0.4;14.9;7
Zach Collins;POR;22;6'11;26.4;2;3.8;0.526;0.3;0.6;42.9;0.6;1.8;31.425;0;0;0;7;2.3;4;1.5;1.3;0.5;0.5;0.3;1.5;1.6;12.6;5.4
Zach LaVine;CHI;25;6'6;34.8;5;9.4;0.532;0.9;2.5;34.4;3.1;8;41.625;2;2.5;80.8;25.5;0.7;4.1;4.2;3.4;1.5;0.5;12.5;0.3;2.8;31.2;13
Zach Norvell Jr.;GSW;22;6'5;8.2;0;0.2;0;0;0.6;0;0.6;1.6;21.45;0;0;0;2;0;1.2;0.6;0.6;0.4;0;1.2;0.2;1.6;14.7;2.6
Zhaire Smith;PHI;21;6'3;4.6;0.5;1.2;0.417;0;0.2;0;0;0.6;0;0;0;0;1.1;0;0.3;0.3;0.3;0.4;0;0.6;0;0.4;16.5;-0.8
Zion Williamson;NOP;19;6'6;27.8;8.4;14;0.6;0.1;0.5;27.3;0.3;0.5;23.1;0.8;1.1;69.2;22.5;2.7;3.6;2.1;2.5;0.7;0.4;5;6.9;0.3;29.1;14.1
Zylan Cheatham;NOP;24;6'5;12.8;1.5;2;0.75;0;0;0;0;0.3;0;0;0;0;3;0.8;1.5;0.8;1;0.3;0.3;0.3;0;0.3;10.3;3.4
